Entity,Code,Year,Terrestrial protected areas (% of total land area)
Afghanistan,AFG,2013,0.4
Afghanistan,AFG,2014,0.4
Afghanistan,AFG,2015,0.4
Afghanistan,AFG,2016,0.1
Afghanistan,AFG,2017,0.1
Afghanistan,AFG,2018,0.1
Afghanistan,AFG,2019,0.1
Afghanistan,AFG,2020,3.6
Afghanistan,AFG,2021,3.6
Afghanistan,AFG,2022,3.6
Afghanistan,AFG,2023,3.6
Afghanistan,AFG,2024,3.6
Albania,ALB,2013,10.1
Albania,ALB,2014,2.1
Albania,ALB,2015,2.6
Albania,ALB,2016,17.2
Albania,ALB,2017,17.7
Albania,ALB,2018,17.7
Albania,ALB,2019,18.6
Albania,ALB,2020,18.6
Albania,ALB,2021,18.6
Albania,ALB,2022,18.6
Albania,ALB,2023,18.6
Albania,ALB,2024,23.6
Algeria,DZA,2013,7.5
Algeria,DZA,2014,7.5
Algeria,DZA,2015,7.5
Algeria,DZA,2016,7.5
Algeria,DZA,2017,7.5
Algeria,DZA,2018,7.5
Algeria,DZA,2019,7.5
Algeria,DZA,2020,4.6
Algeria,DZA,2021,4.6
Algeria,DZA,2022,4.6
Algeria,DZA,2023,4.6
Algeria,DZA,2024,4.7
American Samoa,ASM,2013,2.9
American Samoa,ASM,2014,4
American Samoa,ASM,2015,4
American Samoa,ASM,2016,15.8
American Samoa,ASM,2017,15.8
American Samoa,ASM,2018,15.8
American Samoa,ASM,2019,15.8
American Samoa,ASM,2020,0.8
American Samoa,ASM,2021,15.8
American Samoa,ASM,2022,15.8
American Samoa,ASM,2023,16.7
American Samoa,ASM,2024,16.4
Andorra,AND,2013,9.2
Andorra,AND,2014,18.2
Andorra,AND,2015,21.1
Andorra,AND,2016,21.1
Andorra,AND,2017,26.7
Andorra,AND,2018,26.7
Andorra,AND,2019,26.7
Andorra,AND,2020,26.7
Andorra,AND,2021,26.9
Andorra,AND,2022,26.9
Andorra,AND,2023,26.9
Andorra,AND,2024,27.3
Angola,AGO,2013,12.4
Angola,AGO,2014,7
Angola,AGO,2015,7
Angola,AGO,2016,7
Angola,AGO,2017,7
Angola,AGO,2018,7
Angola,AGO,2019,7
Angola,AGO,2020,7
Angola,AGO,2021,7
Angola,AGO,2022,7
Angola,AGO,2023,10.7
Angola,AGO,2024,10.8
Antigua and Barbuda,ATG,2013,10
Antigua and Barbuda,ATG,2014,19.3
Antigua and Barbuda,ATG,2015,19.3
Antigua and Barbuda,ATG,2016,19.3
Antigua and Barbuda,ATG,2017,18.6
Antigua and Barbuda,ATG,2018,18.6
Antigua and Barbuda,ATG,2019,18.6
Antigua and Barbuda,ATG,2020,21
Antigua and Barbuda,ATG,2021,19.9
Antigua and Barbuda,ATG,2022,19.9
Antigua and Barbuda,ATG,2023,19.9
Antigua and Barbuda,ATG,2024,16.5
Argentina,ARG,2013,6.8
Argentina,ARG,2014,8.6
Argentina,ARG,2015,8.7
Argentina,ARG,2016,8.9
Argentina,ARG,2017,8.9
Argentina,ARG,2018,8.5
Argentina,ARG,2019,8.5
Argentina,ARG,2020,8.5
Argentina,ARG,2021,8.5
Argentina,ARG,2022,8.7
Argentina,ARG,2023,8.7
Argentina,ARG,2024,8.8
Armenia,ARM,2013,23.3
Armenia,ARM,2014,23.1
Armenia,ARM,2015,23.1
Armenia,ARM,2016,23.1
Armenia,ARM,2017,23.1
Armenia,ARM,2018,23.1
Armenia,ARM,2019,24.3
Armenia,ARM,2020,24.3
Armenia,ARM,2021,24.3
Armenia,ARM,2022,24.7
Armenia,ARM,2023,24.7
Armenia,ARM,2024,38.9
Aruba,ABW,2013,0.5
Aruba,ABW,2014,0.5
Aruba,ABW,2015,0.5
Aruba,ABW,2016,0.5
Aruba,ABW,2017,18.9
Aruba,ABW,2018,18.9
Aruba,ABW,2019,18.9
Aruba,ABW,2020,18.9
Aruba,ABW,2021,18.9
Aruba,ABW,2022,18.9
Aruba,ABW,2023,18.9
Aruba,ABW,2024,19.7
Australia,AUS,2013,12.9
Australia,AUS,2014,14.6
Australia,AUS,2015,14.7
Australia,AUS,2016,17
Australia,AUS,2017,19.3
Australia,AUS,2018,19.3
Australia,AUS,2019,19.4
Australia,AUS,2020,20.3
Australia,AUS,2021,20.4
Australia,AUS,2022,20.4
Australia,AUS,2023,20.4
Australia,AUS,2024,22
Austria,AUT,2013,24
Austria,AUT,2014,28.3
Austria,AUT,2015,28.4
Austria,AUT,2016,27.6
Austria,AUT,2017,28.4
Austria,AUT,2018,28.4
Austria,AUT,2019,28.4
Austria,AUT,2020,29.1
Austria,AUT,2021,29.3
Austria,AUT,2022,29.5
Austria,AUT,2023,29.5
Austria,AUT,2024,29.6
Azerbaijan,AZE,2013,11.8
Azerbaijan,AZE,2014,10.2
Azerbaijan,AZE,2015,10.2
Azerbaijan,AZE,2016,10.2
Azerbaijan,AZE,2017,10.2
Azerbaijan,AZE,2018,10.2
Azerbaijan,AZE,2019,10.2
Azerbaijan,AZE,2020,10.2
Azerbaijan,AZE,2021,10.2
Azerbaijan,AZE,2022,10.2
Azerbaijan,AZE,2023,10.2
Azerbaijan,AZE,2024,22.1
Bahamas,BHS,2013,13.3
Bahamas,BHS,2014,13.3
Bahamas,BHS,2015,31.2
Bahamas,BHS,2016,31.2
Bahamas,BHS,2017,36.6
Bahamas,BHS,2018,36.6
Bahamas,BHS,2019,36.6
Bahamas,BHS,2020,36.6
Bahamas,BHS,2021,36.6
Bahamas,BHS,2022,36.6
Bahamas,BHS,2023,36.6
Bahamas,BHS,2024,34.6
Bahrain,BHR,2013,17.8
Bahrain,BHR,2014,17.8
Bahrain,BHR,2015,6.6
Bahrain,BHR,2016,6.6
Bahrain,BHR,2017,6.6
Bahrain,BHR,2018,6.6
Bahrain,BHR,2019,6.6
Bahrain,BHR,2020,6.6
Bahrain,BHR,2021,6.6
Bahrain,BHR,2022,13
Bahrain,BHR,2023,13
Bahrain,BHR,2024,11.7
Bangladesh,BGD,2013,4.7
Bangladesh,BGD,2014,4.6
Bangladesh,BGD,2015,4.6
Bangladesh,BGD,2016,4.6
Bangladesh,BGD,2017,4.6
Bangladesh,BGD,2018,4.6
Bangladesh,BGD,2019,4.6
Bangladesh,BGD,2020,4.6
Bangladesh,BGD,2021,4.6
Bangladesh,BGD,2022,4.6
Bangladesh,BGD,2023,4.6
Bangladesh,BGD,2024,4.2
Barbados,BRB,2013,0.1
Barbados,BRB,2014,0.1
Barbados,BRB,2015,1.3
Barbados,BRB,2016,1.3
Barbados,BRB,2017,1.3
Barbados,BRB,2018,1.3
Barbados,BRB,2019,1.3
Barbados,BRB,2020,1.3
Barbados,BRB,2021,1.3
Barbados,BRB,2022,1.3
Barbados,BRB,2023,1.3
Barbados,BRB,2024,1.1
Belarus,BLR,2013,8.3
Belarus,BLR,2014,8.6
Belarus,BLR,2015,8.8
Belarus,BLR,2016,9.5
Belarus,BLR,2017,9.4
Belarus,BLR,2018,9.4
Belarus,BLR,2019,9.4
Belarus,BLR,2020,9.4
Belarus,BLR,2021,13.8
Belarus,BLR,2022,13.8
Belarus,BLR,2023,13.8
Belarus,BLR,2024,9.4
Belgium,BEL,2013,22.9
Belgium,BEL,2014,22.8
Belgium,BEL,2015,22.8
Belgium,BEL,2016,23.3
Belgium,BEL,2017,23.3
Belgium,BEL,2018,23.3
Belgium,BEL,2019,24.9
Belgium,BEL,2020,15.4
Belgium,BEL,2021,15.5
Belgium,BEL,2022,15.6
Belgium,BEL,2023,15.6
Belgium,BEL,2024,16.3
Belize,BLZ,2013,36.8
Belize,BLZ,2014,37.5
Belize,BLZ,2015,37.5
Belize,BLZ,2016,37.7
Belize,BLZ,2017,37.7
Belize,BLZ,2018,37.7
Belize,BLZ,2019,37.7
Belize,BLZ,2020,37.5
Belize,BLZ,2021,37.5
Belize,BLZ,2022,37.5
Belize,BLZ,2023,37.5
Belize,BLZ,2024,37.3
Benin,BEN,2013,29.6
Benin,BEN,2014,29.6
Benin,BEN,2015,28.9
Benin,BEN,2016,29.6
Benin,BEN,2017,29.6
Benin,BEN,2018,29.6
Benin,BEN,2019,29.6
Benin,BEN,2020,29.6
Benin,BEN,2021,29.6
Benin,BEN,2022,29.6
Benin,BEN,2023,29.6
Benin,BEN,2024,29.7
Bermuda,BMU,2013,5.8
Bermuda,BMU,2014,5.8
Bermuda,BMU,2015,5.8
Bermuda,BMU,2016,5.8
Bermuda,BMU,2017,2.1
Bermuda,BMU,2018,2.1
Bermuda,BMU,2019,2.1
Bermuda,BMU,2020,2.1
Bermuda,BMU,2021,2.1
Bermuda,BMU,2022,2.1
Bermuda,BMU,2023,2.1
Bermuda,BMU,2024,2.3
Bhutan,BTN,2013,28.8
Bhutan,BTN,2014,48
Bhutan,BTN,2015,48
Bhutan,BTN,2016,48
Bhutan,BTN,2017,48
Bhutan,BTN,2018,48
Bhutan,BTN,2019,48
Bhutan,BTN,2020,49.7
Bhutan,BTN,2021,49.7
Bhutan,BTN,2022,49.7
Bhutan,BTN,2023,49.7
Bhutan,BTN,2024,51.6
Bolivia,BOL,2013,21.4
Bolivia,BOL,2014,25.3
Bolivia,BOL,2015,30.9
Bolivia,BOL,2016,30.9
Bolivia,BOL,2017,30.9
Bolivia,BOL,2018,30.9
Bolivia,BOL,2019,30.9
Bolivia,BOL,2020,30.9
Bolivia,BOL,2021,30.9
Bolivia,BOL,2022,30.9
Bolivia,BOL,2023,30.9
Bolivia,BOL,2024,30.9
Bosnia and Herzegovina,BIH,2013,1.6
Bosnia and Herzegovina,BIH,2014,1.1
Bosnia and Herzegovina,BIH,2015,1.5
Bosnia and Herzegovina,BIH,2016,1.4
Bosnia and Herzegovina,BIH,2017,1.4
Bosnia and Herzegovina,BIH,2018,1.4
Bosnia and Herzegovina,BIH,2019,1.4
Bosnia and Herzegovina,BIH,2020,3.6
Bosnia and Herzegovina,BIH,2021,4
Bosnia and Herzegovina,BIH,2022,4.1
Bosnia and Herzegovina,BIH,2023,4.1
Bosnia and Herzegovina,BIH,2024,9.5
Botswana,BWA,2013,29.1
Botswana,BWA,2014,29.1
Botswana,BWA,2015,29.1
Botswana,BWA,2016,29.1
Botswana,BWA,2017,29.1
Botswana,BWA,2018,29.1
Botswana,BWA,2019,29.1
Botswana,BWA,2020,29.1
Botswana,BWA,2021,29.1
Botswana,BWA,2022,29.1
Botswana,BWA,2023,29.1
Botswana,BWA,2024,29.1
Brazil,BRA,2013,26.4
Brazil,BRA,2014,28.5
Brazil,BRA,2015,28.5
Brazil,BRA,2016,28.9
Brazil,BRA,2017,28.9
Brazil,BRA,2018,29.4
Brazil,BRA,2019,30.3
Brazil,BRA,2020,30.3
Brazil,BRA,2021,30.3
Brazil,BRA,2022,30.3
Brazil,BRA,2023,30.6
Brazil,BRA,2024,30.6
British Virgin Islands,VGB,2013,5
British Virgin Islands,VGB,2014,8.8
British Virgin Islands,VGB,2015,8.8
British Virgin Islands,VGB,2016,8.8
British Virgin Islands,VGB,2017,9.1
British Virgin Islands,VGB,2018,9.1
British Virgin Islands,VGB,2019,9.1
British Virgin Islands,VGB,2020,9.1
British Virgin Islands,VGB,2021,9.1
British Virgin Islands,VGB,2022,9.1
British Virgin Islands,VGB,2023,9.1
British Virgin Islands,VGB,2024,10.5
Brunei,BRN,2013,46.9
Brunei,BRN,2014,46.9
Brunei,BRN,2015,46.9
Brunei,BRN,2016,46.9
Brunei,BRN,2017,46.9
Brunei,BRN,2018,46.9
Brunei,BRN,2019,46.9
Brunei,BRN,2020,46.9
Brunei,BRN,2021,46.9
Brunei,BRN,2022,46.9
Brunei,BRN,2023,46.9
Brunei,BRN,2024,39.9
Bulgaria,BGR,2013,45.2
Bulgaria,BGR,2014,40.6
Bulgaria,BGR,2015,40.6
Bulgaria,BGR,2016,34.7
Bulgaria,BGR,2017,34.7
Bulgaria,BGR,2018,34.7
Bulgaria,BGR,2019,40.6
Bulgaria,BGR,2020,41
Bulgaria,BGR,2021,41
Bulgaria,BGR,2022,41
Bulgaria,BGR,2023,41
Bulgaria,BGR,2024,44.3
Burkina Faso,BFA,2013,15.8
Burkina Faso,BFA,2014,15.8
Burkina Faso,BFA,2015,15.8
Burkina Faso,BFA,2016,15.1
Burkina Faso,BFA,2017,14.9
Burkina Faso,BFA,2018,14.9
Burkina Faso,BFA,2019,14.9
Burkina Faso,BFA,2020,16.4
Burkina Faso,BFA,2021,16.4
Burkina Faso,BFA,2022,16.4
Burkina Faso,BFA,2023,16.4
Burkina Faso,BFA,2024,16.5
Burundi,BDI,2013,5
Burundi,BDI,2014,7
Burundi,BDI,2015,7
Burundi,BDI,2016,7.6
Burundi,BDI,2017,7.6
Burundi,BDI,2018,7.6
Burundi,BDI,2019,7.6
Burundi,BDI,2020,7.6
Burundi,BDI,2021,7.6
Burundi,BDI,2022,7.6
Burundi,BDI,2023,7.6
Burundi,BDI,2024,7.6
Cambodia,KHM,2013,26.3
Cambodia,KHM,2014,26
Cambodia,KHM,2015,26
Cambodia,KHM,2016,26
Cambodia,KHM,2017,26
Cambodia,KHM,2018,26
Cambodia,KHM,2019,26
Cambodia,KHM,2020,39.7
Cambodia,KHM,2021,39.7
Cambodia,KHM,2022,39.7
Cambodia,KHM,2023,39.7
Cambodia,KHM,2024,39.8
Cameroon,CMR,2013,11
Cameroon,CMR,2014,11
Cameroon,CMR,2015,10.9
Cameroon,CMR,2016,10.6
Cameroon,CMR,2017,10.6
Cameroon,CMR,2018,10.6
Cameroon,CMR,2019,10.9
Cameroon,CMR,2020,10.9
Cameroon,CMR,2021,11
Cameroon,CMR,2022,11
Cameroon,CMR,2023,11
Cameroon,CMR,2024,11
Canada,CAN,2013,9.4
Canada,CAN,2014,9.4
Canada,CAN,2015,9.3
Canada,CAN,2016,9.7
Canada,CAN,2017,9.7
Canada,CAN,2018,9.6
Canada,CAN,2019,11
Canada,CAN,2020,9.9
Canada,CAN,2021,11.9
Canada,CAN,2022,12.7
Canada,CAN,2023,12.8
Canada,CAN,2024,12.9
Cape Verde,CPV,2013,2.5
Cape Verde,CPV,2014,2.6
Cape Verde,CPV,2015,2.6
Cape Verde,CPV,2016,2.6
Cape Verde,CPV,2017,2.9
Cape Verde,CPV,2018,2.9
Cape Verde,CPV,2019,2.9
Cape Verde,CPV,2020,2.9
Cape Verde,CPV,2021,2.9
Cape Verde,CPV,2022,2.9
Cape Verde,CPV,2023,2.9
Cape Verde,CPV,2024,17.6
Cayman Islands,CYM,2013,8.7
Cayman Islands,CYM,2014,8.7
Cayman Islands,CYM,2015,8.7
Cayman Islands,CYM,2016,10.8
Cayman Islands,CYM,2017,10.8
Cayman Islands,CYM,2018,10.8
Cayman Islands,CYM,2019,10.8
Cayman Islands,CYM,2020,10.8
Cayman Islands,CYM,2021,10.8
Cayman Islands,CYM,2022,10.8
Cayman Islands,CYM,2023,10.8
Cayman Islands,CYM,2024,8.8
Central African Republic,CAF,2013,18.1
Central African Republic,CAF,2014,18.1
Central African Republic,CAF,2015,18.1
Central African Republic,CAF,2016,18.1
Central African Republic,CAF,2017,18.1
Central African Republic,CAF,2018,18.1
Central African Republic,CAF,2019,18.1
Central African Republic,CAF,2020,18.1
Central African Republic,CAF,2021,18.1
Central African Republic,CAF,2022,18.1
Central African Republic,CAF,2023,18.1
Central African Republic,CAF,2024,14.8
Chad,TCD,2013,18.6
Chad,TCD,2014,18.6
Chad,TCD,2015,18.6
Chad,TCD,2016,20.4
Chad,TCD,2017,20.4
Chad,TCD,2018,20.4
Chad,TCD,2019,20.4
Chad,TCD,2020,21
Chad,TCD,2021,21
Chad,TCD,2022,21
Chad,TCD,2023,21
Chad,TCD,2024,21
Chile,CHL,2013,18.3
Chile,CHL,2014,18.3
Chile,CHL,2015,18.3
Chile,CHL,2016,18.4
Chile,CHL,2017,18.4
Chile,CHL,2018,18.5
Chile,CHL,2019,20.4
Chile,CHL,2020,20.9
Chile,CHL,2021,20.9
Chile,CHL,2022,21
Chile,CHL,2023,21
Chile,CHL,2024,21.6
China,CHN,2013,17
China,CHN,2014,17.1
China,CHN,2015,17.1
China,CHN,2016,17.1
China,CHN,2017,17.1
China,CHN,2018,15.6
China,CHN,2019,15.6
China,CHN,2020,15.6
China,CHN,2021,15.6
China,CHN,2022,15.6
China,CHN,2023,15.6
China,CHN,2024,15.6
Colombia,COL,2013,23.1
Colombia,COL,2014,23.2
Colombia,COL,2015,13.9
Colombia,COL,2016,14.2
Colombia,COL,2017,14.2
Colombia,COL,2018,14.8
Colombia,COL,2019,14.8
Colombia,COL,2020,16.9
Colombia,COL,2021,16.9
Colombia,COL,2022,16.4
Colombia,COL,2023,16.4
Colombia,COL,2024,17
Comoros,COM,2013,10.2
Comoros,COM,2014,10.2
Comoros,COM,2015,10.2
Comoros,COM,2016,10.2
Comoros,COM,2017,10.2
Comoros,COM,2018,10.2
Comoros,COM,2019,10.2
Comoros,COM,2020,33.8
Comoros,COM,2021,33.8
Comoros,COM,2022,33.8
Comoros,COM,2023,33.8
Comoros,COM,2024,33.7
Congo,COG,2013,36.4
Congo,COG,2014,37.1
Congo,COG,2015,37.1
Congo,COG,2016,40.6
Congo,COG,2017,40.6
Congo,COG,2018,40.7
Congo,COG,2019,40.7
Congo,COG,2020,36.8
Congo,COG,2021,36.8
Congo,COG,2022,36.8
Congo,COG,2023,36.8
Congo,COG,2024,36.8
Costa Rica,CRI,2013,27.6
Costa Rica,CRI,2014,27.6
Costa Rica,CRI,2015,27.6
Costa Rica,CRI,2016,27.6
Costa Rica,CRI,2017,27.6
Costa Rica,CRI,2018,27.6
Costa Rica,CRI,2019,28.3
Costa Rica,CRI,2020,28.4
Costa Rica,CRI,2021,28.4
Costa Rica,CRI,2022,26.6
Costa Rica,CRI,2023,26.6
Costa Rica,CRI,2024,26.5
Cote d'Ivoire,CIV,2013,22.9
Cote d'Ivoire,CIV,2014,22.9
Cote d'Ivoire,CIV,2015,22.9
Cote d'Ivoire,CIV,2016,22.9
Cote d'Ivoire,CIV,2017,22.9
Cote d'Ivoire,CIV,2018,22.9
Cote d'Ivoire,CIV,2019,23
Cote d'Ivoire,CIV,2020,23
Cote d'Ivoire,CIV,2021,23
Cote d'Ivoire,CIV,2022,23
Cote d'Ivoire,CIV,2023,23
Cote d'Ivoire,CIV,2024,22.8
Croatia,HRV,2013,13.8
Croatia,HRV,2014,38
Croatia,HRV,2015,38
Croatia,HRV,2016,38.2
Croatia,HRV,2017,38.3
Croatia,HRV,2018,38.3
Croatia,HRV,2019,38.3
Croatia,HRV,2020,38.4
Croatia,HRV,2021,38.4
Croatia,HRV,2022,38.5
Croatia,HRV,2023,38.5
Croatia,HRV,2024,38.4
Cuba,CUB,2013,12.4
Cuba,CUB,2014,12.4
Cuba,CUB,2015,12.4
Cuba,CUB,2016,16.6
Cuba,CUB,2017,16.6
Cuba,CUB,2018,16.6
Cuba,CUB,2019,16.2
Cuba,CUB,2020,16.2
Cuba,CUB,2021,16.2
Cuba,CUB,2022,16.2
Cuba,CUB,2023,16.2
Cuba,CUB,2024,15.6
Curacao,CUW,2013,7.8
Curacao,CUW,2014,7.8
Curacao,CUW,2015,15.5
Curacao,CUW,2016,15.5
Curacao,CUW,2017,15.5
Curacao,CUW,2018,15.7
Curacao,CUW,2019,15.7
Curacao,CUW,2020,15.7
Curacao,CUW,2021,15.7
Curacao,CUW,2022,15.7
Curacao,CUW,2023,15.7
Curacao,CUW,2024,16.7
Cyprus,CYP,2013,20.6
Cyprus,CYP,2014,18.4
Cyprus,CYP,2015,18.4
Cyprus,CYP,2016,18.7
Cyprus,CYP,2017,18.7
Cyprus,CYP,2018,37.4
Cyprus,CYP,2019,38.5
Cyprus,CYP,2020,38.6
Cyprus,CYP,2021,38.7
Cyprus,CYP,2022,38.7
Cyprus,CYP,2023,38.7
Cyprus,CYP,2024,38.6
Czechia,CZE,2013,21.9
Czechia,CZE,2014,21.8
Czechia,CZE,2015,21.7
Czechia,CZE,2016,22.1
Czechia,CZE,2017,22.2
Czechia,CZE,2018,22.2
Czechia,CZE,2019,22.2
Czechia,CZE,2020,22.2
Czechia,CZE,2021,22.2
Czechia,CZE,2022,22.2
Czechia,CZE,2023,22.2
Czechia,CZE,2024,21.9
Democratic Republic of Congo,COD,2013,12.9
Democratic Republic of Congo,COD,2014,12.7
Democratic Republic of Congo,COD,2015,12.7
Democratic Republic of Congo,COD,2016,12.7
Democratic Republic of Congo,COD,2017,13.8
Democratic Republic of Congo,COD,2018,13.8
Democratic Republic of Congo,COD,2019,13.8
Democratic Republic of Congo,COD,2020,13.8
Democratic Republic of Congo,COD,2021,13.8
Democratic Republic of Congo,COD,2022,13.9
Democratic Republic of Congo,COD,2023,13.9
Democratic Republic of Congo,COD,2024,14.9
Denmark,DNK,2013,17.5
Denmark,DNK,2014,25.6
Denmark,DNK,2015,25.6
Denmark,DNK,2016,18.1
Denmark,DNK,2017,26.1
Denmark,DNK,2018,18.1
Denmark,DNK,2019,17.2
Denmark,DNK,2020,17
Denmark,DNK,2021,17
Denmark,DNK,2022,17
Denmark,DNK,2023,17
Denmark,DNK,2024,15.8
Djibouti,DJI,2013,0.1
Djibouti,DJI,2014,1.6
Djibouti,DJI,2015,1.6
Djibouti,DJI,2016,1.6
Djibouti,DJI,2017,1.6
Djibouti,DJI,2018,1.6
Djibouti,DJI,2019,1.6
Djibouti,DJI,2020,1.6
Djibouti,DJI,2021,1.6
Djibouti,DJI,2022,1.6
Djibouti,DJI,2023,1.6
Djibouti,DJI,2024,1.6
Dominica,DMA,2013,21.6
Dominica,DMA,2014,21.6
Dominica,DMA,2015,22
Dominica,DMA,2016,22
Dominica,DMA,2017,22
Dominica,DMA,2018,22
Dominica,DMA,2019,22
Dominica,DMA,2020,22
Dominica,DMA,2021,22
Dominica,DMA,2022,22
Dominica,DMA,2023,22
Dominica,DMA,2024,21.4
Dominican Republic,DOM,2013,22.3
Dominican Republic,DOM,2014,23
Dominican Republic,DOM,2015,23
Dominican Republic,DOM,2016,23
Dominican Republic,DOM,2017,23
Dominican Republic,DOM,2018,26.2
Dominican Republic,DOM,2019,26.2
Dominican Republic,DOM,2020,26.2
Dominican Republic,DOM,2021,26.2
Dominican Republic,DOM,2022,26.4
Dominican Republic,DOM,2023,26.4
Dominican Republic,DOM,2024,26.2
East Asia and Pacific (WB),WB_EAP,2013,14.705083
East Asia and Pacific (WB),WB_EAP,2014,15.4295
East Asia and Pacific (WB),WB_EAP,2015,15.483854
East Asia and Pacific (WB),WB_EAP,2016,16.378967
East Asia and Pacific (WB),WB_EAP,2017,17.120752
East Asia and Pacific (WB),WB_EAP,2018,16.556183
East Asia and Pacific (WB),WB_EAP,2019,16.62215
East Asia and Pacific (WB),WB_EAP,2020,17.090494
East Asia and Pacific (WB),WB_EAP,2021,17.133945
East Asia and Pacific (WB),WB_EAP,2022,17.134184
East Asia and Pacific (WB),WB_EAP,2023,17.136915
East Asia and Pacific (WB),WB_EAP,2024,17.61817
East Timor,TLS,2013,8.7
East Timor,TLS,2014,8.7
East Timor,TLS,2015,8.7
East Timor,TLS,2016,13.1
East Timor,TLS,2017,13.1
East Timor,TLS,2018,13.1
East Timor,TLS,2019,16
East Timor,TLS,2020,16
East Timor,TLS,2021,16
East Timor,TLS,2022,16
East Timor,TLS,2023,16
East Timor,TLS,2024,16.1
Ecuador,ECU,2013,25.6
Ecuador,ECU,2014,25.7
Ecuador,ECU,2015,20
Ecuador,ECU,2016,20
Ecuador,ECU,2017,20
Ecuador,ECU,2018,21.7
Ecuador,ECU,2019,21.7
Ecuador,ECU,2020,22.4
Ecuador,ECU,2021,23.2
Ecuador,ECU,2022,23.4
Ecuador,ECU,2023,23.5
Ecuador,ECU,2024,23.6
Egypt,EGY,2013,13.1
Egypt,EGY,2014,13.1
Egypt,EGY,2015,13.1
Egypt,EGY,2016,13.1
Egypt,EGY,2017,13.1
Egypt,EGY,2018,13.1
Egypt,EGY,2019,13.1
Egypt,EGY,2020,13.1
Egypt,EGY,2021,13.1
Egypt,EGY,2022,13.1
Egypt,EGY,2023,13.1
Egypt,EGY,2024,13.2
El Salvador,SLV,2013,8.4
El Salvador,SLV,2014,8.4
El Salvador,SLV,2015,8.8
El Salvador,SLV,2016,8.8
El Salvador,SLV,2017,8.8
El Salvador,SLV,2018,8.8
El Salvador,SLV,2019,8.8
El Salvador,SLV,2020,8.6
El Salvador,SLV,2021,8.6
El Salvador,SLV,2022,8.6
El Salvador,SLV,2023,8.6
El Salvador,SLV,2024,8.3
Equatorial Guinea,GNQ,2013,23.3
Equatorial Guinea,GNQ,2014,23.3
Equatorial Guinea,GNQ,2015,23.3
Equatorial Guinea,GNQ,2016,19.3
Equatorial Guinea,GNQ,2017,19.3
Equatorial Guinea,GNQ,2018,19.3
Equatorial Guinea,GNQ,2019,19.3
Equatorial Guinea,GNQ,2020,19.3
Equatorial Guinea,GNQ,2021,19.3
Equatorial Guinea,GNQ,2022,19.3
Equatorial Guinea,GNQ,2023,19.3
Equatorial Guinea,GNQ,2024,19
Eritrea,ERI,2013,4.9
Eritrea,ERI,2014,4.9
Eritrea,ERI,2015,4.9
Eritrea,ERI,2016,4.9
Eritrea,ERI,2017,4.9
Eritrea,ERI,2018,4.9
Eritrea,ERI,2019,4.9
Eritrea,ERI,2020,4.9
Eritrea,ERI,2021,0
Eritrea,ERI,2022,0
Eritrea,ERI,2023,0
Eritrea,ERI,2024,0
Estonia,EST,2013,20.1
Estonia,EST,2014,20.1
Estonia,EST,2015,20.1
Estonia,EST,2016,20.2
Estonia,EST,2017,20.2
Estonia,EST,2018,20.2
Estonia,EST,2019,20.6
Estonia,EST,2020,21.2
Estonia,EST,2021,21.3
Estonia,EST,2022,21.4
Estonia,EST,2023,21.4
Estonia,EST,2024,22
Eswatini,SWZ,2013,3
Eswatini,SWZ,2014,4
Eswatini,SWZ,2015,4
Eswatini,SWZ,2016,4.1
Eswatini,SWZ,2017,4.1
Eswatini,SWZ,2018,4.2
Eswatini,SWZ,2019,4.3
Eswatini,SWZ,2020,4.3
Eswatini,SWZ,2021,4.3
Eswatini,SWZ,2022,4.3
Eswatini,SWZ,2023,4.3
Eswatini,SWZ,2024,4.2
Ethiopia,ETH,2013,18.5
Ethiopia,ETH,2014,18.5
Ethiopia,ETH,2015,18.5
Ethiopia,ETH,2016,18.5
Ethiopia,ETH,2017,18.5
Ethiopia,ETH,2018,17.6
Ethiopia,ETH,2019,17.6
Ethiopia,ETH,2020,16.1
Ethiopia,ETH,2021,17
Ethiopia,ETH,2022,17
Ethiopia,ETH,2023,17
Ethiopia,ETH,2024,17
Europe and Central Asia (WB),WB_ECA,2013,14.286075
Europe and Central Asia (WB),WB_ECA,2014,13.227366
Europe and Central Asia (WB),WB_ECA,2015,13.234918
Europe and Central Asia (WB),WB_ECA,2016,13.332445
Europe and Central Asia (WB),WB_ECA,2017,13.360786
Europe and Central Asia (WB),WB_ECA,2018,13.3537655
Europe and Central Asia (WB),WB_ECA,2019,13.37334
Europe and Central Asia (WB),WB_ECA,2020,15.066706
Europe and Central Asia (WB),WB_ECA,2021,15.635811
Europe and Central Asia (WB),WB_ECA,2022,15.643452
Europe and Central Asia (WB),WB_ECA,2023,15.503416
Europe and Central Asia (WB),WB_ECA,2024,15.858837
European Union (27),OWID_EU27,2013,25.198368
European Union (27),OWID_EU27,2014,25.147104
European Union (27),OWID_EU27,2015,25.190628
European Union (27),OWID_EU27,2016,25.704355
European Union (27),OWID_EU27,2017,25.898785
European Union (27),OWID_EU27,2018,25.847813
European Union (27),OWID_EU27,2019,25.95606
European Union (27),OWID_EU27,2020,26.014801
European Union (27),OWID_EU27,2021,26.089508
European Union (27),OWID_EU27,2022,26.28211
European Union (27),OWID_EU27,2023,26.28211
European Union (27),OWID_EU27,2024,26.569197
Faroe Islands,FRO,2013,2.9
Faroe Islands,FRO,2014,2.3
Faroe Islands,FRO,2015,2.3
Faroe Islands,FRO,2016,2.3
Faroe Islands,FRO,2017,2.3
Faroe Islands,FRO,2018,2.3
Faroe Islands,FRO,2019,2.3
Faroe Islands,FRO,2020,2.3
Faroe Islands,FRO,2021,2.3
Faroe Islands,FRO,2022,2.3
Faroe Islands,FRO,2023,2.3
Faroe Islands,FRO,2024,2.4
Fiji,FJI,2013,4.4
Fiji,FJI,2014,4.4
Fiji,FJI,2015,5.4
Fiji,FJI,2016,5.4
Fiji,FJI,2017,5.4
Fiji,FJI,2018,5.4
Fiji,FJI,2019,5.4
Fiji,FJI,2020,5.4
Fiji,FJI,2021,5.4
Fiji,FJI,2022,5.4
Fiji,FJI,2023,5.4
Fiji,FJI,2024,3.9
Finland,FIN,2013,14.9
Finland,FIN,2014,15
Finland,FIN,2015,15
Finland,FIN,2016,15
Finland,FIN,2017,15
Finland,FIN,2018,15
Finland,FIN,2019,13.3
Finland,FIN,2020,13.3
Finland,FIN,2021,13.3
Finland,FIN,2022,13.4
Finland,FIN,2023,13.4
Finland,FIN,2024,13.6
France,FRA,2013,25.4
France,FRA,2014,25.6
France,FRA,2015,25.6
France,FRA,2016,25.8
France,FRA,2017,26
France,FRA,2018,25.8
France,FRA,2019,26.3
France,FRA,2020,27.3
France,FRA,2021,28
France,FRA,2022,28.4
France,FRA,2023,28.4
France,FRA,2024,28.6
French Polynesia,PYF,2013,1.1
French Polynesia,PYF,2014,2
French Polynesia,PYF,2015,2
French Polynesia,PYF,2016,2
French Polynesia,PYF,2017,2
French Polynesia,PYF,2018,2
French Polynesia,PYF,2019,2
French Polynesia,PYF,2020,2
French Polynesia,PYF,2021,2
French Polynesia,PYF,2022,2
French Polynesia,PYF,2023,2
French Polynesia,PYF,2024,1.8
Gabon,GAB,2013,20
Gabon,GAB,2014,20.1
Gabon,GAB,2015,20.1
Gabon,GAB,2016,20.1
Gabon,GAB,2017,22.4
Gabon,GAB,2018,22.4
Gabon,GAB,2019,22.4
Gabon,GAB,2020,22.4
Gabon,GAB,2021,22.4
Gabon,GAB,2022,22.4
Gabon,GAB,2023,22.4
Gabon,GAB,2024,22.7
Gambia,GMB,2013,4.1
Gambia,GMB,2014,4.1
Gambia,GMB,2015,4.1
Gambia,GMB,2016,4.1
Gambia,GMB,2017,4.1
Gambia,GMB,2018,4.1
Gambia,GMB,2019,4.1
Gambia,GMB,2020,7.7
Gambia,GMB,2021,7.7
Gambia,GMB,2022,7.7
Gambia,GMB,2023,7.7
Gambia,GMB,2024,7.6
Georgia,GEO,2013,7.8
Georgia,GEO,2014,8.3
Georgia,GEO,2015,8.3
Georgia,GEO,2016,8.3
Georgia,GEO,2017,8.3
Georgia,GEO,2018,8.3
Georgia,GEO,2019,9.3
Georgia,GEO,2020,9.3
Georgia,GEO,2021,9.3
Georgia,GEO,2022,11.1
Georgia,GEO,2023,11.1
Georgia,GEO,2024,22.8
Germany,DEU,2013,37.9
Germany,DEU,2014,37.4
Germany,DEU,2015,37.4
Germany,DEU,2016,37.8
Germany,DEU,2017,37.8
Germany,DEU,2018,37.8
Germany,DEU,2019,37.4
Germany,DEU,2020,37.8
Germany,DEU,2021,37.5
Germany,DEU,2022,37.6
Germany,DEU,2023,37.6
Germany,DEU,2024,39.3
Ghana,GHA,2013,15.1
Ghana,GHA,2014,15.1
Ghana,GHA,2015,15.1
Ghana,GHA,2016,15.1
Ghana,GHA,2017,15.1
Ghana,GHA,2018,15
Ghana,GHA,2019,15
Ghana,GHA,2020,14.8
Ghana,GHA,2021,14.8
Ghana,GHA,2022,14.8
Ghana,GHA,2023,14.8
Ghana,GHA,2024,14.8
Gibraltar,GIB,2013,4.7
Gibraltar,GIB,2014,32.4
Gibraltar,GIB,2015,32.4
Gibraltar,GIB,2016,32.4
Gibraltar,GIB,2017,32.4
Gibraltar,GIB,2018,32.4
Gibraltar,GIB,2019,32.4
Gibraltar,GIB,2020,4.7
Gibraltar,GIB,2021,4.7
Gibraltar,GIB,2022,0
Gibraltar,GIB,2023,0
Gibraltar,GIB,2024,26.4
Greece,GRC,2013,35.1
Greece,GRC,2014,35
Greece,GRC,2015,35
Greece,GRC,2016,35
Greece,GRC,2017,35
Greece,GRC,2018,35.2
Greece,GRC,2019,35.2
Greece,GRC,2020,35.2
Greece,GRC,2021,35.2
Greece,GRC,2022,35.2
Greece,GRC,2023,35.2
Greece,GRC,2024,35
Greenland,GRL,2013,41.2
Greenland,GRL,2014,41.2
Greenland,GRL,2015,41.2
Greenland,GRL,2016,41.3
Greenland,GRL,2017,41.2
Greenland,GRL,2018,41.2
Greenland,GRL,2019,41.1
Greenland,GRL,2020,41.1
Greenland,GRL,2021,41.6
Greenland,GRL,2022,41.1
Greenland,GRL,2023,41.1
Greenland,GRL,2024,41.9
Grenada,GRD,2013,2.2
Grenada,GRD,2014,2.2
Grenada,GRD,2015,9.3
Grenada,GRD,2016,9.3
Grenada,GRD,2017,9.3
Grenada,GRD,2018,9.8
Grenada,GRD,2019,9.8
Grenada,GRD,2020,9.5
Grenada,GRD,2021,9.5
Grenada,GRD,2022,9.5
Grenada,GRD,2023,9.5
Grenada,GRD,2024,8.8
Guam,GUM,2013,27.1
Guam,GUM,2014,21.9
Guam,GUM,2015,21.9
Guam,GUM,2016,22.5
Guam,GUM,2017,22.5
Guam,GUM,2018,22.5
Guam,GUM,2019,22.5
Guam,GUM,2020,2.7
Guam,GUM,2021,4.5
Guam,GUM,2022,4.5
Guam,GUM,2023,4.5
Guam,GUM,2024,4.2
Guatemala,GTM,2013,31.7
Guatemala,GTM,2014,31.7
Guatemala,GTM,2015,31.7
Guatemala,GTM,2016,31.7
Guatemala,GTM,2017,31.7
Guatemala,GTM,2018,20
Guatemala,GTM,2019,20
Guatemala,GTM,2020,20.1
Guatemala,GTM,2021,20.1
Guatemala,GTM,2022,20.1
Guatemala,GTM,2023,20.1
Guatemala,GTM,2024,20.1
Guinea,GIN,2013,30.7
Guinea,GIN,2014,30.7
Guinea,GIN,2015,30.7
Guinea,GIN,2016,30.7
Guinea,GIN,2017,35.6
Guinea,GIN,2018,35.6
Guinea,GIN,2019,35.6
Guinea,GIN,2020,35.8
Guinea,GIN,2021,37.6
Guinea,GIN,2022,37.6
Guinea,GIN,2023,37.6
Guinea,GIN,2024,37.6
Guinea-Bissau,GNB,2013,16.2
Guinea-Bissau,GNB,2014,16.2
Guinea-Bissau,GNB,2015,16.2
Guinea-Bissau,GNB,2016,16.7
Guinea-Bissau,GNB,2017,16.7
Guinea-Bissau,GNB,2018,16.7
Guinea-Bissau,GNB,2019,16.7
Guinea-Bissau,GNB,2020,26.3
Guinea-Bissau,GNB,2021,26.3
Guinea-Bissau,GNB,2022,27.1
Guinea-Bissau,GNB,2023,27.1
Guinea-Bissau,GNB,2024,26.2
Guyana,GUY,2013,8.7
Guyana,GUY,2014,8.7
Guyana,GUY,2015,8.7
Guyana,GUY,2016,8.7
Guyana,GUY,2017,8.7
Guyana,GUY,2018,8.7
Guyana,GUY,2019,8.5
Guyana,GUY,2020,8.5
Guyana,GUY,2021,8.5
Guyana,GUY,2022,8.5
Guyana,GUY,2023,8.5
Guyana,GUY,2024,8.4
Haiti,HTI,2013,0.3
Haiti,HTI,2014,0.3
Haiti,HTI,2015,0.3
Haiti,HTI,2016,0.3
Haiti,HTI,2017,1.9
Haiti,HTI,2018,1.9
Haiti,HTI,2019,7.1
Haiti,HTI,2020,7.1
Haiti,HTI,2021,8.6
Haiti,HTI,2022,8.6
Haiti,HTI,2023,8.6
Haiti,HTI,2024,8.6
High-income countries,OWID_HIC,2013,14.851285
High-income countries,OWID_HIC,2014,14.471485
High-income countries,OWID_HIC,2015,14.474122
High-income countries,OWID_HIC,2016,14.019818
High-income countries,OWID_HIC,2017,14.466406
High-income countries,OWID_HIC,2018,14.363949
High-income countries,OWID_HIC,2019,14.671598
High-income countries,OWID_HIC,2020,14.982008
High-income countries,OWID_HIC,2021,15.661333
High-income countries,OWID_HIC,2022,15.803989
High-income countries,OWID_HIC,2023,16.077251
High-income countries,OWID_HIC,2024,16.61128
Honduras,HND,2013,21.2
Honduras,HND,2014,27.9
Honduras,HND,2015,28
Honduras,HND,2016,28.4
Honduras,HND,2017,28.4
Honduras,HND,2018,23.9
Honduras,HND,2019,23.9
Honduras,HND,2020,23.5
Honduras,HND,2021,23.5
Honduras,HND,2022,23.5
Honduras,HND,2023,23.5
Honduras,HND,2024,23.4
Hong Kong,HKG,2013,42.1
Hong Kong,HKG,2014,42.1
Hong Kong,HKG,2015,41.9
Hong Kong,HKG,2016,41.9
Hong Kong,HKG,2017,41.9
Hong Kong,HKG,2018,41.9
Hong Kong,HKG,2019,41.9
Hong Kong,HKG,2020,41.9
Hong Kong,HKG,2021,41.9
Hong Kong,HKG,2022,41.9
Hong Kong,HKG,2023,41.9
Hong Kong,HKG,2024,42
Hungary,HUN,2013,23.2
Hungary,HUN,2014,22.6
Hungary,HUN,2015,22.6
Hungary,HUN,2016,22.6
Hungary,HUN,2017,22.6
Hungary,HUN,2018,22.6
Hungary,HUN,2019,22.6
Hungary,HUN,2020,22.6
Hungary,HUN,2021,22.6
Hungary,HUN,2022,22.6
Hungary,HUN,2023,22.6
Hungary,HUN,2024,22.6
Iceland,ISL,2013,20.2
Iceland,ISL,2014,16.7
Iceland,ISL,2015,16.7
Iceland,ISL,2016,17.4
Iceland,ISL,2017,18.2
Iceland,ISL,2018,18.2
Iceland,ISL,2019,19.5
Iceland,ISL,2020,19.9
Iceland,ISL,2021,20.3
Iceland,ISL,2022,20.8
Iceland,ISL,2023,20.8
Iceland,ISL,2024,20.9
India,IND,2013,5.9
India,IND,2014,5.9
India,IND,2015,6
India,IND,2016,6
India,IND,2017,6
India,IND,2018,6
India,IND,2019,6
India,IND,2020,6
India,IND,2021,7.5
India,IND,2022,7.5
India,IND,2023,7.5
India,IND,2024,7.7
Indonesia,IDN,2013,14.8
Indonesia,IDN,2014,11.8
Indonesia,IDN,2015,11.9
Indonesia,IDN,2016,11.9
Indonesia,IDN,2017,11.9
Indonesia,IDN,2018,12.2
Indonesia,IDN,2019,12.2
Indonesia,IDN,2020,12.2
Indonesia,IDN,2021,12.2
Indonesia,IDN,2022,12.2
Indonesia,IDN,2023,12.2
Indonesia,IDN,2024,12
Iran,IRN,2013,7.2
Iran,IRN,2014,7.2
Iran,IRN,2015,7.2
Iran,IRN,2016,8.6
Iran,IRN,2017,8.6
Iran,IRN,2018,8.6
Iran,IRN,2019,8.6
Iran,IRN,2020,8.6
Iran,IRN,2021,8.6
Iran,IRN,2022,8.6
Iran,IRN,2023,8.6
Iran,IRN,2024,8.6
Iraq,IRQ,2013,0.3
Iraq,IRQ,2014,0.9
Iraq,IRQ,2015,0.9
Iraq,IRQ,2016,1.5
Iraq,IRQ,2017,1.5
Iraq,IRQ,2018,1.5
Iraq,IRQ,2019,1.5
Iraq,IRQ,2020,1.5
Iraq,IRQ,2021,1.5
Iraq,IRQ,2022,1.5
Iraq,IRQ,2023,1.5
Iraq,IRQ,2024,1.5
Ireland,IRL,2013,14.3
Ireland,IRL,2014,14.4
Ireland,IRL,2015,14.4
Ireland,IRL,2016,14.4
Ireland,IRL,2017,14.4
Ireland,IRL,2018,14.4
Ireland,IRL,2019,14.4
Ireland,IRL,2020,14.4
Ireland,IRL,2021,14.4
Ireland,IRL,2022,14.4
Ireland,IRL,2023,14.4
Ireland,IRL,2024,14.4
Isle of Man,IMN,2015,0.3
Isle of Man,IMN,2016,3.7
Isle of Man,IMN,2017,3.7
Isle of Man,IMN,2018,5.5
Isle of Man,IMN,2019,5.5
Isle of Man,IMN,2020,5.5
Isle of Man,IMN,2021,5.5
Isle of Man,IMN,2022,5.5
Isle of Man,IMN,2023,5.8
Isle of Man,IMN,2024,4.6
Israel,ISR,2013,19.9
Israel,ISR,2014,19.9
Israel,ISR,2015,19.9
Israel,ISR,2016,19.9
Israel,ISR,2017,19.9
Israel,ISR,2018,19.9
Israel,ISR,2019,24.5
Israel,ISR,2020,24.5
Israel,ISR,2021,24.5
Israel,ISR,2022,24.5
Israel,ISR,2023,24.5
Israel,ISR,2024,27.6
Italy,ITA,2013,21.4
Italy,ITA,2014,21.5
Italy,ITA,2015,21.5
Italy,ITA,2016,21.5
Italy,ITA,2017,21.5
Italy,ITA,2018,21.5
Italy,ITA,2019,21.5
Italy,ITA,2020,21.5
Italy,ITA,2021,21.5
Italy,ITA,2022,21.6
Italy,ITA,2023,21.6
Italy,ITA,2024,21.6
Jamaica,JAM,2013,15.9
Jamaica,JAM,2014,15.9
Jamaica,JAM,2015,15.9
Jamaica,JAM,2016,15.9
Jamaica,JAM,2017,15.9
Jamaica,JAM,2018,15.9
Jamaica,JAM,2019,15.9
Jamaica,JAM,2020,15.9
Jamaica,JAM,2021,16.2
Jamaica,JAM,2022,20
Jamaica,JAM,2023,20
Jamaica,JAM,2024,19.9
Japan,JPN,2013,16.4
Japan,JPN,2014,19.4
Japan,JPN,2015,19.4
Japan,JPN,2016,29.4
Japan,JPN,2017,29.4
Japan,JPN,2018,29.4
Japan,JPN,2019,29.4
Japan,JPN,2020,29.4
Japan,JPN,2021,29.7
Japan,JPN,2022,29.7
Japan,JPN,2023,29.7
Japan,JPN,2024,29.5
Jordan,JOR,2013,1.5
Jordan,JOR,2014,1.7
Jordan,JOR,2015,1.7
Jordan,JOR,2016,1.7
Jordan,JOR,2017,1.8
Jordan,JOR,2018,1.8
Jordan,JOR,2019,3.1
Jordan,JOR,2020,4.5
Jordan,JOR,2021,4.5
Jordan,JOR,2022,4.5
Jordan,JOR,2023,4.5
Jordan,JOR,2024,5.4
Kazakhstan,KAZ,2013,3.3
Kazakhstan,KAZ,2014,3.3
Kazakhstan,KAZ,2015,3.3
Kazakhstan,KAZ,2016,3.3
Kazakhstan,KAZ,2017,3.3
Kazakhstan,KAZ,2018,3.3
Kazakhstan,KAZ,2019,3.3
Kazakhstan,KAZ,2020,10
Kazakhstan,KAZ,2021,10
Kazakhstan,KAZ,2022,10
Kazakhstan,KAZ,2023,10
Kazakhstan,KAZ,2024,10.1
Kenya,KEN,2013,14.3
Kenya,KEN,2014,12.2
Kenya,KEN,2015,12.2
Kenya,KEN,2016,12.4
Kenya,KEN,2017,12.4
Kenya,KEN,2018,12.4
Kenya,KEN,2019,12.4
Kenya,KEN,2020,12.4
Kenya,KEN,2021,12.4
Kenya,KEN,2022,12.2
Kenya,KEN,2023,12.2
Kenya,KEN,2024,14
Kiribati,KIR,2013,22.2
Kiribati,KIR,2014,22.2
Kiribati,KIR,2015,22.2
Kiribati,KIR,2016,22.4
Kiribati,KIR,2017,22.4
Kiribati,KIR,2018,22.4
Kiribati,KIR,2019,22.4
Kiribati,KIR,2020,22.4
Kiribati,KIR,2021,22.4
Kiribati,KIR,2022,22.4
Kiribati,KIR,2023,22.4
Kiribati,KIR,2024,22.9
Kuwait,KWT,2013,18.8
Kuwait,KWT,2014,18.8
Kuwait,KWT,2015,18.8
Kuwait,KWT,2016,17.5
Kuwait,KWT,2017,17.5
Kuwait,KWT,2018,17.5
Kuwait,KWT,2019,17.1
Kuwait,KWT,2020,17.1
Kuwait,KWT,2021,17.1
Kuwait,KWT,2022,17.1
Kuwait,KWT,2023,17
Kuwait,KWT,2024,17.1
Kyrgyzstan,KGZ,2013,6.5
Kyrgyzstan,KGZ,2014,6.5
Kyrgyzstan,KGZ,2015,6.5
Kyrgyzstan,KGZ,2016,6.7
Kyrgyzstan,KGZ,2017,6.7
Kyrgyzstan,KGZ,2018,6.7
Kyrgyzstan,KGZ,2019,6.7
Kyrgyzstan,KGZ,2020,6.7
Kyrgyzstan,KGZ,2021,6.7
Kyrgyzstan,KGZ,2022,6.7
Kyrgyzstan,KGZ,2023,6.7
Kyrgyzstan,KGZ,2024,6.8
Laos,LAO,2013,16.7
Laos,LAO,2014,16.7
Laos,LAO,2015,16.7
Laos,LAO,2016,16.7
Laos,LAO,2017,16.7
Laos,LAO,2018,16.7
Laos,LAO,2019,16.7
Laos,LAO,2020,18.7
Laos,LAO,2021,18.7
Laos,LAO,2022,18.7
Laos,LAO,2023,19
Laos,LAO,2024,18.8
Latin America and Caribbean (WB),WB_LAC,2013,22.25561
Latin America and Caribbean (WB),WB_LAC,2014,23.721237
Latin America and Caribbean (WB),WB_LAC,2015,23.45329
Latin America and Caribbean (WB),WB_LAC,2016,23.12838
Latin America and Caribbean (WB),WB_LAC,2017,23.134226
Latin America and Caribbean (WB),WB_LAC,2018,23.42009
Latin America and Caribbean (WB),WB_LAC,2019,23.885426
Latin America and Caribbean (WB),WB_LAC,2020,24.10162
Latin America and Caribbean (WB),WB_LAC,2021,24.156599
Latin America and Caribbean (WB),WB_LAC,2022,24.182388
Latin America and Caribbean (WB),WB_LAC,2023,24.308514
Latin America and Caribbean (WB),WB_LAC,2024,24.442406
Latvia,LVA,2013,18.2
Latvia,LVA,2014,18.2
Latvia,LVA,2015,18.2
Latvia,LVA,2016,18.2
Latvia,LVA,2017,18.2
Latvia,LVA,2018,18.2
Latvia,LVA,2019,18.2
Latvia,LVA,2020,18.2
Latvia,LVA,2021,18.2
Latvia,LVA,2022,18.2
Latvia,LVA,2023,18.2
Latvia,LVA,2024,18.5
Lebanon,LBN,2013,0.6
Lebanon,LBN,2014,2.6
Lebanon,LBN,2015,2.6
Lebanon,LBN,2016,2.6
Lebanon,LBN,2017,2.6
Lebanon,LBN,2018,2.6
Lebanon,LBN,2019,2.6
Lebanon,LBN,2020,2.6
Lebanon,LBN,2021,1.9
Lebanon,LBN,2022,1.9
Lebanon,LBN,2023,1.9
Lebanon,LBN,2024,7.9
Lesotho,LSO,2013,0.2
Lesotho,LSO,2014,0.3
Lesotho,LSO,2015,0.3
Lesotho,LSO,2016,0.3
Lesotho,LSO,2017,0.3
Lesotho,LSO,2018,0.3
Lesotho,LSO,2019,0.3
Lesotho,LSO,2020,0.5
Lesotho,LSO,2021,0.5
Lesotho,LSO,2022,0.5
Lesotho,LSO,2023,21.3
Lesotho,LSO,2024,23.4
Liberia,LBR,2013,2.5
Liberia,LBR,2014,2.5
Liberia,LBR,2015,2.5
Liberia,LBR,2016,2.5
Liberia,LBR,2017,4.1
Liberia,LBR,2018,4.1
Liberia,LBR,2019,4.1
Liberia,LBR,2020,4.1
Liberia,LBR,2021,4.1
Liberia,LBR,2022,4.1
Liberia,LBR,2023,4.1
Liberia,LBR,2024,4
Libya,LBY,2013,0.1
Libya,LBY,2014,0.2
Libya,LBY,2015,0.2
Libya,LBY,2016,0.2
Libya,LBY,2017,0.2
Libya,LBY,2018,0.2
Libya,LBY,2019,0.2
Libya,LBY,2020,0.1
Libya,LBY,2021,0.1
Libya,LBY,2022,0.1
Libya,LBY,2023,0.1
Libya,LBY,2024,0.1
Liechtenstein,LIE,2013,42.2
Liechtenstein,LIE,2014,42.2
Liechtenstein,LIE,2015,42.2
Liechtenstein,LIE,2016,42.2
Liechtenstein,LIE,2017,11.9
Liechtenstein,LIE,2018,11.9
Liechtenstein,LIE,2019,42.2
Liechtenstein,LIE,2020,42.6
Liechtenstein,LIE,2021,42.6
Liechtenstein,LIE,2022,42.6
Liechtenstein,LIE,2023,42.6
Liechtenstein,LIE,2024,44.8
Lithuania,LTU,2013,16.9
Lithuania,LTU,2014,16.9
Lithuania,LTU,2015,16.9
Lithuania,LTU,2016,16.9
Lithuania,LTU,2017,17
Lithuania,LTU,2018,17
Lithuania,LTU,2019,17
Lithuania,LTU,2020,17
Lithuania,LTU,2021,17.1
Lithuania,LTU,2022,17.1
Lithuania,LTU,2023,17.1
Lithuania,LTU,2024,17.8
Low-income countries,OWID_LIC,2013,11.18382
Low-income countries,OWID_LIC,2014,10.817484
Low-income countries,OWID_LIC,2015,10.942965
Low-income countries,OWID_LIC,2016,11.273822
Low-income countries,OWID_LIC,2017,11.501348
Low-income countries,OWID_LIC,2018,11.551338
Low-income countries,OWID_LIC,2019,11.013995
Low-income countries,OWID_LIC,2020,11.844466
Low-income countries,OWID_LIC,2021,11.818433
Low-income countries,OWID_LIC,2022,11.83751
Low-income countries,OWID_LIC,2023,11.83751
Low-income countries,OWID_LIC,2024,12.089622
Lower-middle-income countries,OWID_LMC,2013,15.440897
Lower-middle-income countries,OWID_LMC,2014,17.267895
Lower-middle-income countries,OWID_LMC,2015,16.160892
Lower-middle-income countries,OWID_LMC,2016,16.57941
Lower-middle-income countries,OWID_LMC,2017,16.638985
Lower-middle-income countries,OWID_LMC,2018,16.59161
Lower-middle-income countries,OWID_LMC,2019,16.767336
Lower-middle-income countries,OWID_LMC,2020,16.251818
Lower-middle-income countries,OWID_LMC,2021,16.493877
Lower-middle-income countries,OWID_LMC,2022,16.49797
Lower-middle-income countries,OWID_LMC,2023,17.051191
Lower-middle-income countries,OWID_LMC,2024,17.453995
Luxembourg,LUX,2013,37.3
Luxembourg,LUX,2014,34.9
Luxembourg,LUX,2015,32.5
Luxembourg,LUX,2016,42
Luxembourg,LUX,2017,40.9
Luxembourg,LUX,2018,40.9
Luxembourg,LUX,2019,51.2
Luxembourg,LUX,2020,51.2
Luxembourg,LUX,2021,51.3
Luxembourg,LUX,2022,55.8
Luxembourg,LUX,2023,55.8
Luxembourg,LUX,2024,38.7
Madagascar,MDG,2013,5
Madagascar,MDG,2014,5
Madagascar,MDG,2015,5
Madagascar,MDG,2016,5.2
Madagascar,MDG,2017,5.6
Madagascar,MDG,2018,5.6
Madagascar,MDG,2019,5.6
Madagascar,MDG,2020,7.5
Madagascar,MDG,2021,7.5
Madagascar,MDG,2022,7.5
Madagascar,MDG,2023,7.5
Madagascar,MDG,2024,12.7
Malawi,MWI,2013,16.9
Malawi,MWI,2014,16.9
Malawi,MWI,2015,16.9
Malawi,MWI,2016,16.9
Malawi,MWI,2017,17.4
Malawi,MWI,2018,22.9
Malawi,MWI,2019,22.9
Malawi,MWI,2020,22.9
Malawi,MWI,2021,22.9
Malawi,MWI,2022,22.9
Malawi,MWI,2023,22.9
Malawi,MWI,2024,23.1
Malaysia,MYS,2013,19.1
Malaysia,MYS,2014,19.1
Malaysia,MYS,2015,19.1
Malaysia,MYS,2016,19.1
Malaysia,MYS,2017,19.1
Malaysia,MYS,2018,19.1
Malaysia,MYS,2019,19.1
Malaysia,MYS,2020,13.3
Malaysia,MYS,2021,13.3
Malaysia,MYS,2022,13.3
Malaysia,MYS,2023,13.3
Malaysia,MYS,2024,13.3
Maldives,MDV,2014,0.7
Maldives,MDV,2015,1.1
Maldives,MDV,2016,1.1
Maldives,MDV,2017,1.2
Maldives,MDV,2018,1.2
Maldives,MDV,2019,1.2
Maldives,MDV,2020,2.3
Maldives,MDV,2021,2.3
Maldives,MDV,2022,2.3
Maldives,MDV,2023,2.3
Maldives,MDV,2024,3
Mali,MLI,2013,9.1
Mali,MLI,2014,8.3
Mali,MLI,2015,8.3
Mali,MLI,2016,8.2
Mali,MLI,2017,8.2
Mali,MLI,2018,8.2
Mali,MLI,2019,8.2
Mali,MLI,2020,7.5
Mali,MLI,2021,7.5
Mali,MLI,2022,7.5
Mali,MLI,2023,7.5
Mali,MLI,2024,7.5
Malta,MLT,2013,23
Malta,MLT,2014,23.2
Malta,MLT,2015,23.2
Malta,MLT,2016,24.1
Malta,MLT,2017,30.3
Malta,MLT,2018,30.3
Malta,MLT,2019,30.2
Malta,MLT,2020,30.6
Malta,MLT,2021,30.6
Malta,MLT,2022,30.6
Malta,MLT,2023,30.6
Malta,MLT,2024,28.9
Marshall Islands,MHL,2013,3.3
Marshall Islands,MHL,2014,15.9
Marshall Islands,MHL,2015,11.9
Marshall Islands,MHL,2016,11.9
Marshall Islands,MHL,2017,11.9
Marshall Islands,MHL,2018,11.9
Marshall Islands,MHL,2019,11.9
Marshall Islands,MHL,2020,11.9
Marshall Islands,MHL,2021,11.9
Marshall Islands,MHL,2022,11.9
Marshall Islands,MHL,2023,11.9
Marshall Islands,MHL,2024,16.6
Mauritania,MRT,2013,0.6
Mauritania,MRT,2014,0.6
Mauritania,MRT,2015,0.6
Mauritania,MRT,2016,0.6
Mauritania,MRT,2017,0.6
Mauritania,MRT,2018,0.6
Mauritania,MRT,2019,0.6
Mauritania,MRT,2020,0.6
Mauritania,MRT,2021,0.6
Mauritania,MRT,2022,0.6
Mauritania,MRT,2023,0.6
Mauritania,MRT,2024,0.6
Mauritius,MUS,2013,4.5
Mauritius,MUS,2014,4.5
Mauritius,MUS,2015,4.7
Mauritius,MUS,2016,4.7
Mauritius,MUS,2017,4.7
Mauritius,MUS,2018,4.7
Mauritius,MUS,2019,4.7
Mauritius,MUS,2020,4.7
Mauritius,MUS,2021,4.7
Mauritius,MUS,2022,4.7
Mauritius,MUS,2023,4.7
Mauritius,MUS,2024,5
Mexico,MEX,2013,12.9
Mexico,MEX,2014,13.7
Mexico,MEX,2015,13.7
Mexico,MEX,2016,14.5
Mexico,MEX,2017,14.5
Mexico,MEX,2018,14.5
Mexico,MEX,2019,14.5
Mexico,MEX,2020,14.5
Mexico,MEX,2021,14.5
Mexico,MEX,2022,14.6
Mexico,MEX,2023,14.6
Mexico,MEX,2024,15.3
Micronesia (country),FSM,2013,4.3
Micronesia (country),FSM,2014,4.2
Micronesia (country),FSM,2015,4.2
Micronesia (country),FSM,2016,0
Micronesia (country),FSM,2017,0
Micronesia (country),FSM,2018,0
Micronesia (country),FSM,2019,0
Micronesia (country),FSM,2020,0
Micronesia (country),FSM,2021,0
Micronesia (country),FSM,2022,0
Micronesia (country),FSM,2023,0
Micronesia (country),FSM,2024,0
"Middle East, North Africa, Afghanistan and Pakistan (WB)",WB_MENAP,2013,9.960384
"Middle East, North Africa, Afghanistan and Pakistan (WB)",WB_MENAP,2014,13.069298
"Middle East, North Africa, Afghanistan and Pakistan (WB)",WB_MENAP,2015,10.745932
"Middle East, North Africa, Afghanistan and Pakistan (WB)",WB_MENAP,2016,6.633892
"Middle East, North Africa, Afghanistan and Pakistan (WB)",WB_MENAP,2017,6.7500615
"Middle East, North Africa, Afghanistan and Pakistan (WB)",WB_MENAP,2018,6.754151
"Middle East, North Africa, Afghanistan and Pakistan (WB)",WB_MENAP,2019,6.7711196
"Middle East, North Africa, Afghanistan and Pakistan (WB)",WB_MENAP,2020,5.519789
"Middle East, North Africa, Afghanistan and Pakistan (WB)",WB_MENAP,2021,5.474308
"Middle East, North Africa, Afghanistan and Pakistan (WB)",WB_MENAP,2022,5.47467
"Middle East, North Africa, Afghanistan and Pakistan (WB)",WB_MENAP,2023,7.203578
"Middle East, North Africa, Afghanistan and Pakistan (WB)",WB_MENAP,2024,8.632909
Moldova,MDA,2013,4.2
Moldova,MDA,2014,4.2
Moldova,MDA,2015,4.2
Moldova,MDA,2016,4.2
Moldova,MDA,2017,4.2
Moldova,MDA,2018,4.2
Moldova,MDA,2019,4.2
Moldova,MDA,2020,4.2
Moldova,MDA,2021,11.4
Moldova,MDA,2022,11.4
Moldova,MDA,2023,11.4
Moldova,MDA,2024,11.5
Monaco,MCO,2013,23
Monaco,MCO,2014,23
Monaco,MCO,2015,23
Monaco,MCO,2016,33.2
Monaco,MCO,2017,33.2
Monaco,MCO,2018,33.2
Monaco,MCO,2019,33.2
Monaco,MCO,2020,33.2
Monaco,MCO,2021,10.2
Monaco,MCO,2022,10.2
Monaco,MCO,2023,10.2
Monaco,MCO,2024,20.9
Mongolia,MNG,2013,13.8
Mongolia,MNG,2014,17.4
Mongolia,MNG,2015,17.4
Mongolia,MNG,2016,17.4
Mongolia,MNG,2017,17.7
Mongolia,MNG,2018,17.7
Mongolia,MNG,2019,17.7
Mongolia,MNG,2020,19.8
Mongolia,MNG,2021,19.8
Mongolia,MNG,2022,19.8
Mongolia,MNG,2023,19.8
Mongolia,MNG,2024,19.8
Montenegro,MNE,2013,14.6
Montenegro,MNE,2014,4.1
Montenegro,MNE,2015,4.1
Montenegro,MNE,2016,4.1
Montenegro,MNE,2017,6.4
Montenegro,MNE,2018,6.4
Montenegro,MNE,2019,10.5
Montenegro,MNE,2020,13.8
Montenegro,MNE,2021,13.8
Montenegro,MNE,2022,13.9
Montenegro,MNE,2023,13.9
Montenegro,MNE,2024,21.7
Morocco,MAR,2013,2.5
Morocco,MAR,2014,100
Morocco,MAR,2015,30.8
Morocco,MAR,2016,30.8
Morocco,MAR,2017,30.8
Morocco,MAR,2018,30.8
Morocco,MAR,2019,30.8
Morocco,MAR,2020,4.3
Morocco,MAR,2021,2.2
Morocco,MAR,2022,2.2
Morocco,MAR,2023,2.2
Morocco,MAR,2024,2.1
Mozambique,MOZ,2013,18
Mozambique,MOZ,2014,17.2
Mozambique,MOZ,2015,19.3
Mozambique,MOZ,2016,21.6
Mozambique,MOZ,2017,21.6
Mozambique,MOZ,2018,21.6
Mozambique,MOZ,2019,21.6
Mozambique,MOZ,2020,29.5
Mozambique,MOZ,2021,29.5
Mozambique,MOZ,2022,29.5
Mozambique,MOZ,2023,29.5
Mozambique,MOZ,2024,29.5
Myanmar,MMR,2013,7.2
Myanmar,MMR,2014,7.1
Myanmar,MMR,2015,7.1
Myanmar,MMR,2016,7.2
Myanmar,MMR,2017,7.2
Myanmar,MMR,2018,6.4
Myanmar,MMR,2019,6.4
Myanmar,MMR,2020,6.6
Myanmar,MMR,2021,6.6
Myanmar,MMR,2022,6.6
Myanmar,MMR,2023,6.6
Myanmar,MMR,2024,6.6
Namibia,NAM,2013,44
Namibia,NAM,2014,37.9
Namibia,NAM,2015,37.9
Namibia,NAM,2016,37.9
Namibia,NAM,2017,37.9
Namibia,NAM,2018,37.9
Namibia,NAM,2019,37.9
Namibia,NAM,2020,37.9
Namibia,NAM,2021,37.9
Namibia,NAM,2022,37.9
Namibia,NAM,2023,39.9
Namibia,NAM,2024,39.9
Nauru,NRU,2021,0
Nauru,NRU,2022,0
Nauru,NRU,2023,0
Nauru,NRU,2024,0
Nepal,NPL,2013,17.2
Nepal,NPL,2014,23.5
Nepal,NPL,2015,23.4
Nepal,NPL,2016,23.6
Nepal,NPL,2017,23.6
Nepal,NPL,2018,23.6
Nepal,NPL,2019,23.6
Nepal,NPL,2020,23.6
Nepal,NPL,2021,23.6
Nepal,NPL,2022,23.6
Nepal,NPL,2023,23.6
Nepal,NPL,2024,23.6
Netherlands,NLD,2013,17.6
Netherlands,NLD,2014,11.4
Netherlands,NLD,2015,11.3
Netherlands,NLD,2016,11.3
Netherlands,NLD,2017,11.2
Netherlands,NLD,2018,11.2
Netherlands,NLD,2019,22.5
Netherlands,NLD,2020,22.5
Netherlands,NLD,2021,22.5
Netherlands,NLD,2022,22.5
Netherlands,NLD,2023,22.5
Netherlands,NLD,2024,22.9
New Caledonia,NCL,2013,52.9
New Caledonia,NCL,2014,52.6
New Caledonia,NCL,2015,54.6
New Caledonia,NCL,2016,54.4
New Caledonia,NCL,2017,54
New Caledonia,NCL,2018,54.4
New Caledonia,NCL,2019,59.7
New Caledonia,NCL,2020,59.7
New Caledonia,NCL,2021,59.7
New Caledonia,NCL,2022,59.7
New Caledonia,NCL,2023,59.7
New Caledonia,NCL,2024,59.6
New Zealand,NZL,2013,27.3
New Zealand,NZL,2014,32.5
New Zealand,NZL,2015,32.5
New Zealand,NZL,2016,32.5
New Zealand,NZL,2017,32.5
New Zealand,NZL,2018,32.8
New Zealand,NZL,2019,32.8
New Zealand,NZL,2020,33.4
New Zealand,NZL,2021,33.4
New Zealand,NZL,2022,33.4
New Zealand,NZL,2023,33.4
New Zealand,NZL,2024,33.4
Nicaragua,NIC,2013,37.2
Nicaragua,NIC,2014,37.2
Nicaragua,NIC,2015,37.2
Nicaragua,NIC,2016,37.2
Nicaragua,NIC,2017,37.2
Nicaragua,NIC,2018,37.2
Nicaragua,NIC,2019,37.2
Nicaragua,NIC,2020,21.3
Nicaragua,NIC,2021,21.3
Nicaragua,NIC,2022,21.3
Nicaragua,NIC,2023,21.3
Nicaragua,NIC,2024,21.2
Niger,NER,2013,16.7
Niger,NER,2014,17.3
Niger,NER,2015,17.3
Niger,NER,2016,17.3
Niger,NER,2017,17.3
Niger,NER,2018,17.3
Niger,NER,2019,17.3
Niger,NER,2020,18.2
Niger,NER,2021,18.2
Niger,NER,2022,18.2
Niger,NER,2023,18.2
Niger,NER,2024,18.2
Nigeria,NGA,2013,13.9
Nigeria,NGA,2014,13.9
Nigeria,NGA,2015,13.9
Nigeria,NGA,2016,13.9
Nigeria,NGA,2017,13.9
Nigeria,NGA,2018,13.9
Nigeria,NGA,2019,13.9
Nigeria,NGA,2020,13.9
Nigeria,NGA,2021,13.9
Nigeria,NGA,2022,13.9
Nigeria,NGA,2023,13.9
Nigeria,NGA,2024,13.9
North America (WB),WB_NA,2013,11.4498005
North America (WB),WB_NA,2014,11.205774
North America (WB),WB_NA,2015,11.15458
North America (WB),WB_NA,2016,11.310554
North America (WB),WB_NA,2017,11.554564
North America (WB),WB_NA,2018,11.259345
North America (WB),WB_NA,2019,11.9760685
North America (WB),WB_NA,2020,10.827268
North America (WB),WB_NA,2021,12.436819
North America (WB),WB_NA,2022,12.846375
North America (WB),WB_NA,2023,12.848765
North America (WB),WB_NA,2024,12.8999605
North Korea,PRK,2013,2.4
North Korea,PRK,2014,2.4
North Korea,PRK,2015,2.4
North Korea,PRK,2016,2.4
North Korea,PRK,2017,2.4
North Korea,PRK,2018,2.4
North Korea,PRK,2019,2.4
North Korea,PRK,2020,2.4
North Korea,PRK,2021,2.4
North Korea,PRK,2022,2.4
North Korea,PRK,2023,2.4
North Korea,PRK,2024,2.4
North Macedonia,MKD,2013,9.7
North Macedonia,MKD,2014,9.7
North Macedonia,MKD,2015,9.7
North Macedonia,MKD,2016,9.7
North Macedonia,MKD,2017,9.7
North Macedonia,MKD,2018,9.7
North Macedonia,MKD,2019,10.6
North Macedonia,MKD,2020,9
North Macedonia,MKD,2021,12.5
North Macedonia,MKD,2022,15.4
North Macedonia,MKD,2023,15.4
North Macedonia,MKD,2024,28.2
Northern Mariana Islands,MNP,2013,3.4
Northern Mariana Islands,MNP,2014,100
Northern Mariana Islands,MNP,2015,7.6
Northern Mariana Islands,MNP,2016,7.7
Northern Mariana Islands,MNP,2017,7.7
Northern Mariana Islands,MNP,2018,7.7
Northern Mariana Islands,MNP,2019,7.7
Northern Mariana Islands,MNP,2020,7.7
Northern Mariana Islands,MNP,2021,7.7
Northern Mariana Islands,MNP,2022,7.7
Northern Mariana Islands,MNP,2023,2.8
Northern Mariana Islands,MNP,2024,2.8
Norway,NOR,2013,16.8
Norway,NOR,2014,16.9
Norway,NOR,2015,16.9
Norway,NOR,2016,17
Norway,NOR,2017,17.1
Norway,NOR,2018,17.1
Norway,NOR,2019,16.8
Norway,NOR,2020,17.6
Norway,NOR,2021,29.9
Norway,NOR,2022,30.5
Norway,NOR,2023,17.7
Norway,NOR,2024,17.8
Oman,OMN,2013,10.6
Oman,OMN,2014,2.6
Oman,OMN,2015,2.6
Oman,OMN,2016,2.6
Oman,OMN,2017,2.6
Oman,OMN,2018,2.6
Oman,OMN,2019,2.6
Oman,OMN,2020,2.6
Oman,OMN,2021,3.6
Oman,OMN,2022,3.6
Oman,OMN,2023,3.9
Oman,OMN,2024,22
Pakistan,PAK,2013,12.3
Pakistan,PAK,2014,12.3
Pakistan,PAK,2015,12.3
Pakistan,PAK,2016,12.3
Pakistan,PAK,2017,12.3
Pakistan,PAK,2018,12.3
Pakistan,PAK,2019,12.3
Pakistan,PAK,2020,12.3
Pakistan,PAK,2021,12.3
Pakistan,PAK,2022,12.3
Pakistan,PAK,2023,12.3
Pakistan,PAK,2024,19.2
Palau,PLW,2013,16
Palau,PLW,2014,24.9
Palau,PLW,2015,24.9
Palau,PLW,2016,28
Palau,PLW,2017,28
Palau,PLW,2018,28
Palau,PLW,2019,44.2
Palau,PLW,2020,44.2
Palau,PLW,2021,44.2
Palau,PLW,2022,44.2
Palau,PLW,2023,44.2
Palau,PLW,2024,31.4
Palestine,PSE,2017,8.4
Palestine,PSE,2018,8.4
Palestine,PSE,2019,8.4
Palestine,PSE,2020,8.4
Palestine,PSE,2021,8.4
Palestine,PSE,2022,8.4
Palestine,PSE,2023,10
Palestine,PSE,2024,10
Panama,PAN,2013,20.9
Panama,PAN,2014,20.9
Panama,PAN,2015,20.9
Panama,PAN,2016,20.9
Panama,PAN,2017,20.9
Panama,PAN,2018,20.9
Panama,PAN,2019,20.9
Panama,PAN,2020,31.9
Panama,PAN,2021,31.4
Panama,PAN,2022,31.4
Panama,PAN,2023,31.4
Panama,PAN,2024,31.4
Papua New Guinea,PNG,2013,3.1
Papua New Guinea,PNG,2014,3.1
Papua New Guinea,PNG,2015,3.1
Papua New Guinea,PNG,2016,3.1
Papua New Guinea,PNG,2017,3.1
Papua New Guinea,PNG,2018,3.1
Papua New Guinea,PNG,2019,3.7
Papua New Guinea,PNG,2020,3.7
Papua New Guinea,PNG,2021,3.7
Papua New Guinea,PNG,2022,3.7
Papua New Guinea,PNG,2023,3.7
Papua New Guinea,PNG,2024,3.7
Paraguay,PRY,2013,6.5
Paraguay,PRY,2014,6.5
Paraguay,PRY,2015,6.5
Paraguay,PRY,2016,6.5
Paraguay,PRY,2017,6.5
Paraguay,PRY,2018,14.3
Paraguay,PRY,2019,14.3
Paraguay,PRY,2020,14.3
Paraguay,PRY,2021,14.3
Paraguay,PRY,2022,14.3
Paraguay,PRY,2023,14.3
Paraguay,PRY,2024,14.9
Peru,PER,2013,31.3
Peru,PER,2014,31.5
Peru,PER,2015,31.5
Peru,PER,2016,21.3
Peru,PER,2017,21.3
Peru,PER,2018,21.3
Peru,PER,2019,21.5
Peru,PER,2020,21.6
Peru,PER,2021,22.3
Peru,PER,2022,22.5
Peru,PER,2023,22.5
Peru,PER,2024,22.5
Philippines,PHL,2013,10.9
Philippines,PHL,2014,15.3
Philippines,PHL,2015,15.3
Philippines,PHL,2016,15.3
Philippines,PHL,2017,15.3
Philippines,PHL,2018,15.3
Philippines,PHL,2019,15.4
Philippines,PHL,2020,15.4
Philippines,PHL,2021,15.9
Philippines,PHL,2022,15.9
Philippines,PHL,2023,15.9
Philippines,PHL,2024,16
Poland,POL,2013,35.4
Poland,POL,2014,30
Poland,POL,2015,30
Poland,POL,2016,39.6
Poland,POL,2017,39.7
Poland,POL,2018,39.7
Poland,POL,2019,39.7
Poland,POL,2020,39.5
Poland,POL,2021,39.5
Poland,POL,2022,39.6
Poland,POL,2023,39.6
Poland,POL,2024,39.6
Portugal,PRT,2013,23.1
Portugal,PRT,2014,22.2
Portugal,PRT,2015,22.7
Portugal,PRT,2016,23
Portugal,PRT,2017,22.9
Portugal,PRT,2018,22.9
Portugal,PRT,2019,22.9
Portugal,PRT,2020,22.9
Portugal,PRT,2021,22.9
Portugal,PRT,2022,22.9
Portugal,PRT,2023,22.9
Portugal,PRT,2024,22.8
Puerto Rico,PRI,2013,8
Puerto Rico,PRI,2014,7.4
Puerto Rico,PRI,2015,7.4
Puerto Rico,PRI,2016,7.3
Puerto Rico,PRI,2017,7.3
Puerto Rico,PRI,2018,7.3
Puerto Rico,PRI,2019,7.3
Puerto Rico,PRI,2020,7.2
Puerto Rico,PRI,2021,7.4
Puerto Rico,PRI,2022,7.4
Puerto Rico,PRI,2023,6.7
Puerto Rico,PRI,2024,6.6
Qatar,QAT,2013,2.4
Qatar,QAT,2014,2.4
Qatar,QAT,2015,2.4
Qatar,QAT,2016,2.4
Qatar,QAT,2017,13.2
Qatar,QAT,2018,13.2
Qatar,QAT,2019,13.2
Qatar,QAT,2020,15.8
Qatar,QAT,2021,15.8
Qatar,QAT,2022,15.8
Qatar,QAT,2023,15.8
Qatar,QAT,2024,15.6
Romania,ROU,2013,19.4
Romania,ROU,2014,24.2
Romania,ROU,2015,24.4
Romania,ROU,2016,24.3
Romania,ROU,2017,24.5
Romania,ROU,2018,24.5
Romania,ROU,2019,24.5
Romania,ROU,2020,24.5
Romania,ROU,2021,24.5
Romania,ROU,2022,24.5
Romania,ROU,2023,24.5
Romania,ROU,2024,24.6
Russia,RUS,2013,11.4
Russia,RUS,2014,9.7
Russia,RUS,2015,9.7
Russia,RUS,2016,9.7
Russia,RUS,2017,9.7
Russia,RUS,2018,9.7
Russia,RUS,2019,9.7
Russia,RUS,2020,11.5
Russia,RUS,2021,11.5
Russia,RUS,2022,11.5
Russia,RUS,2023,11.4
Russia,RUS,2024,11.5
Rwanda,RWA,2013,10.7
Rwanda,RWA,2014,9.6
Rwanda,RWA,2015,8.8
Rwanda,RWA,2016,9.1
Rwanda,RWA,2017,9.1
Rwanda,RWA,2018,9.1
Rwanda,RWA,2019,9.1
Rwanda,RWA,2020,9.1
Rwanda,RWA,2021,9.1
Rwanda,RWA,2022,9.1
Rwanda,RWA,2023,9.1
Rwanda,RWA,2024,9.1
Saint Kitts and Nevis,KNA,2013,3.3
Saint Kitts and Nevis,KNA,2014,3.3
Saint Kitts and Nevis,KNA,2015,3.3
Saint Kitts and Nevis,KNA,2016,3.3
Saint Kitts and Nevis,KNA,2017,3.3
Saint Kitts and Nevis,KNA,2018,3.3
Saint Kitts and Nevis,KNA,2019,22.9
Saint Kitts and Nevis,KNA,2020,22.9
Saint Kitts and Nevis,KNA,2021,22.9
Saint Kitts and Nevis,KNA,2022,22.9
Saint Kitts and Nevis,KNA,2023,22.9
Saint Kitts and Nevis,KNA,2024,16.9
Saint Lucia,LCA,2013,16.9
Saint Lucia,LCA,2014,16.8
Saint Lucia,LCA,2015,18.7
Saint Lucia,LCA,2016,18.7
Saint Lucia,LCA,2017,18.7
Saint Lucia,LCA,2018,18.7
Saint Lucia,LCA,2019,18.7
Saint Lucia,LCA,2020,18.7
Saint Lucia,LCA,2021,18.7
Saint Lucia,LCA,2022,18.7
Saint Lucia,LCA,2023,18.7
Saint Lucia,LCA,2024,18.2
Saint Martin (French part),MAF,2013,12.2
Saint Martin (French part),MAF,2014,8.7
Saint Martin (French part),MAF,2015,8.7
Saint Martin (French part),MAF,2016,16.3
Saint Martin (French part),MAF,2017,12.8
Saint Martin (French part),MAF,2018,12.8
Saint Martin (French part),MAF,2019,12.8
Saint Martin (French part),MAF,2020,12.8
Saint Martin (French part),MAF,2021,12.8
Saint Martin (French part),MAF,2022,12.8
Saint Martin (French part),MAF,2023,12.8
Saint Martin (French part),MAF,2024,9.3
Saint Vincent and the Grenadines,VCT,2013,10.9
Saint Vincent and the Grenadines,VCT,2014,22.4
Saint Vincent and the Grenadines,VCT,2015,22.4
Saint Vincent and the Grenadines,VCT,2016,22.4
Saint Vincent and the Grenadines,VCT,2017,22.4
Saint Vincent and the Grenadines,VCT,2018,22.4
Saint Vincent and the Grenadines,VCT,2019,22.4
Saint Vincent and the Grenadines,VCT,2020,22.4
Saint Vincent and the Grenadines,VCT,2021,22.4
Saint Vincent and the Grenadines,VCT,2022,22.4
Saint Vincent and the Grenadines,VCT,2023,22.4
Saint Vincent and the Grenadines,VCT,2024,22.6
Samoa,WSM,2013,6.8
Samoa,WSM,2014,6.8
Samoa,WSM,2015,6.8
Samoa,WSM,2016,6.8
Samoa,WSM,2017,7.3
Samoa,WSM,2018,7.3
Samoa,WSM,2019,7.3
Samoa,WSM,2020,8.2
Samoa,WSM,2021,8.2
Samoa,WSM,2022,8.2
Samoa,WSM,2023,8.2
Samoa,WSM,2024,7.8
Sao Tome and Principe,STP,2013,0
Sao Tome and Principe,STP,2014,0
Sao Tome and Principe,STP,2015,29.3
Sao Tome and Principe,STP,2016,29.3
Sao Tome and Principe,STP,2017,29.3
Sao Tome and Principe,STP,2018,29.3
Sao Tome and Principe,STP,2019,29.3
Sao Tome and Principe,STP,2020,29.3
Sao Tome and Principe,STP,2021,29.3
Sao Tome and Principe,STP,2022,29.3
Sao Tome and Principe,STP,2023,29.3
Sao Tome and Principe,STP,2024,31.7
Saudi Arabia,SAU,2013,31.3
Saudi Arabia,SAU,2014,31.3
Saudi Arabia,SAU,2015,31.3
Saudi Arabia,SAU,2016,4.3
Saudi Arabia,SAU,2017,4.8
Saudi Arabia,SAU,2018,4.8
Saudi Arabia,SAU,2019,4.8
Saudi Arabia,SAU,2020,4.8
Saudi Arabia,SAU,2021,4.8
Saudi Arabia,SAU,2022,4.8
Saudi Arabia,SAU,2023,15.6
Saudi Arabia,SAU,2024,18.5
Senegal,SEN,2013,25.2
Senegal,SEN,2014,25.2
Senegal,SEN,2015,25.2
Senegal,SEN,2016,25.2
Senegal,SEN,2017,25.2
Senegal,SEN,2018,25.4
Senegal,SEN,2019,25.4
Senegal,SEN,2020,25.4
Senegal,SEN,2021,26.4
Senegal,SEN,2022,26.4
Senegal,SEN,2023,26.4
Senegal,SEN,2024,26.3
Serbia,SRB,2013,7.4
Serbia,SRB,2014,6.7
Serbia,SRB,2015,6.7
Serbia,SRB,2016,6.6
Serbia,SRB,2017,6.6
Serbia,SRB,2018,6.6
Serbia,SRB,2019,7.6
Serbia,SRB,2020,7.6
Serbia,SRB,2021,7.6
Serbia,SRB,2022,8.1
Serbia,SRB,2023,8.1
Serbia,SRB,2024,13.4
Seychelles,SYC,2013,42.1
Seychelles,SYC,2014,42.1
Seychelles,SYC,2015,42.1
Seychelles,SYC,2016,42.1
Seychelles,SYC,2017,42.1
Seychelles,SYC,2018,42.1
Seychelles,SYC,2019,49.6
Seychelles,SYC,2020,61.5
Seychelles,SYC,2021,61.5
Seychelles,SYC,2022,61.5
Seychelles,SYC,2023,61.5
Seychelles,SYC,2024,68.1
Sierra Leone,SLE,2013,9.4
Sierra Leone,SLE,2014,9.4
Sierra Leone,SLE,2015,9.4
Sierra Leone,SLE,2016,9.4
Sierra Leone,SLE,2017,9.4
Sierra Leone,SLE,2018,9.4
Sierra Leone,SLE,2019,9.4
Sierra Leone,SLE,2020,9.4
Sierra Leone,SLE,2021,12.7
Sierra Leone,SLE,2022,12.7
Sierra Leone,SLE,2023,12.7
Sierra Leone,SLE,2024,12.6
Singapore,SGP,2013,5.4
Singapore,SGP,2014,5.8
Singapore,SGP,2015,5.6
Singapore,SGP,2016,5.6
Singapore,SGP,2017,5.6
Singapore,SGP,2018,5.6
Singapore,SGP,2019,5.6
Singapore,SGP,2020,5.6
Singapore,SGP,2021,5.6
Singapore,SGP,2022,5.6
Singapore,SGP,2023,5.6
Singapore,SGP,2024,4.6
Sint Maarten (Dutch part),SXM,2016,0
Sint Maarten (Dutch part),SXM,2017,0
Sint Maarten (Dutch part),SXM,2018,0
Sint Maarten (Dutch part),SXM,2019,0
Sint Maarten (Dutch part),SXM,2020,0
Sint Maarten (Dutch part),SXM,2021,0.7
Sint Maarten (Dutch part),SXM,2022,0.7
Sint Maarten (Dutch part),SXM,2023,0.7
Sint Maarten (Dutch part),SXM,2024,0.8
Slovakia,SVK,2013,35.9
Slovakia,SVK,2014,36.8
Slovakia,SVK,2015,36.8
Slovakia,SVK,2016,37.3
Slovakia,SVK,2017,37.3
Slovakia,SVK,2018,37.6
Slovakia,SVK,2019,37.6
Slovakia,SVK,2020,37.6
Slovakia,SVK,2021,37.6
Slovakia,SVK,2022,37.6
Slovakia,SVK,2023,37.6
Slovakia,SVK,2024,37.5
Slovenia,SVN,2013,54.9
Slovenia,SVN,2014,53.6
Slovenia,SVN,2015,53.6
Slovenia,SVN,2016,53.6
Slovenia,SVN,2017,53.6
Slovenia,SVN,2018,53.6
Slovenia,SVN,2019,53.6
Slovenia,SVN,2020,40.4
Slovenia,SVN,2021,40.4
Slovenia,SVN,2022,40.4
Slovenia,SVN,2023,40.4
Slovenia,SVN,2024,40.5
Solomon Islands,SLB,2013,2.2
Solomon Islands,SLB,2014,2.2
Solomon Islands,SLB,2015,2.2
Solomon Islands,SLB,2016,2.2
Solomon Islands,SLB,2017,2.2
Solomon Islands,SLB,2018,2.2
Solomon Islands,SLB,2019,1.8
Solomon Islands,SLB,2020,1.8
Solomon Islands,SLB,2021,1.8
Solomon Islands,SLB,2022,2
Solomon Islands,SLB,2023,2
Solomon Islands,SLB,2024,2.4
Somalia,SOM,2016,0.83
Somalia,SOM,2019,0
Somalia,SOM,2020,0
Somalia,SOM,2021,0
Somalia,SOM,2022,0
Somalia,SOM,2023,0
Somalia,SOM,2024,0
South Africa,ZAF,2013,7
South Africa,ZAF,2014,8.9
South Africa,ZAF,2015,11.2
South Africa,ZAF,2016,14.1
South Africa,ZAF,2017,14.1
South Africa,ZAF,2018,8
South Africa,ZAF,2019,8.3
South Africa,ZAF,2020,8.6
South Africa,ZAF,2021,8.7
South Africa,ZAF,2022,9.3
South Africa,ZAF,2023,9.3
South Africa,ZAF,2024,9.5
South Asia (WB),WB_SA,2013,6.9094167
South Asia (WB),WB_SA,2014,7.4190745
South Asia (WB),WB_SA,2015,7.6325917
South Asia (WB),WB_SA,2016,7.64114
South Asia (WB),WB_SA,2017,7.641149
South Asia (WB),WB_SA,2018,7.641149
South Asia (WB),WB_SA,2019,7.641149
South Asia (WB),WB_SA,2020,7.6608896
South Asia (WB),WB_SA,2021,8.989558
South Asia (WB),WB_SA,2022,8.989558
South Asia (WB),WB_SA,2023,8.989558
South Asia (WB),WB_SA,2024,9.174436
South Korea,KOR,2013,6.6
South Korea,KOR,2014,7.6
South Korea,KOR,2015,7.6
South Korea,KOR,2016,11.2
South Korea,KOR,2017,11.2
South Korea,KOR,2018,11.7
South Korea,KOR,2019,15.7
South Korea,KOR,2020,16.7
South Korea,KOR,2021,17
South Korea,KOR,2022,17
South Korea,KOR,2023,17
South Korea,KOR,2024,17.4
South Sudan,SSD,2013,20
South Sudan,SSD,2014,15.5
South Sudan,SSD,2015,15.5
South Sudan,SSD,2016,15.5
South Sudan,SSD,2017,15.5
South Sudan,SSD,2018,15.5
South Sudan,SSD,2019,15.5
South Sudan,SSD,2020,15.5
South Sudan,SSD,2021,15.5
South Sudan,SSD,2022,15.5
South Sudan,SSD,2023,15.5
South Sudan,SSD,2024,15.4
Spain,ESP,2013,29.8
Spain,ESP,2014,27.9
Spain,ESP,2015,28
Spain,ESP,2016,28
Spain,ESP,2017,28
Spain,ESP,2018,28.1
Spain,ESP,2019,28.1
Spain,ESP,2020,28.1
Spain,ESP,2021,28.1
Spain,ESP,2022,28.1
Spain,ESP,2023,28.1
Spain,ESP,2024,28.1
Sri Lanka,LKA,2013,22
Sri Lanka,LKA,2014,23.2
Sri Lanka,LKA,2015,29.9
Sri Lanka,LKA,2016,29.9
Sri Lanka,LKA,2017,29.9
Sri Lanka,LKA,2018,29.9
Sri Lanka,LKA,2019,29.9
Sri Lanka,LKA,2020,29.9
Sri Lanka,LKA,2021,29.9
Sri Lanka,LKA,2022,29.9
Sri Lanka,LKA,2023,29.9
Sri Lanka,LKA,2024,30
Sub-Saharan Africa (WB),WB_SSA,2013,16.346418
Sub-Saharan Africa (WB),WB_SSA,2014,15.6782465
Sub-Saharan Africa (WB),WB_SSA,2015,15.8627405
Sub-Saharan Africa (WB),WB_SSA,2016,16.510159
Sub-Saharan Africa (WB),WB_SSA,2017,16.709988
Sub-Saharan Africa (WB),WB_SSA,2018,16.384426
Sub-Saharan Africa (WB),WB_SSA,2019,16.081957
Sub-Saharan Africa (WB),WB_SSA,2020,16.350569
Sub-Saharan Africa (WB),WB_SSA,2021,16.411396
Sub-Saharan Africa (WB),WB_SSA,2022,16.455435
Sub-Saharan Africa (WB),WB_SSA,2023,16.8176
Sub-Saharan Africa (WB),WB_SSA,2024,17.02247
Sudan,SDN,2013,2.3
Sudan,SDN,2014,2
Sudan,SDN,2015,2
Sudan,SDN,2016,2.3
Sudan,SDN,2017,2.3
Sudan,SDN,2018,2.3
Sudan,SDN,2019,2.3
Sudan,SDN,2020,2.3
Sudan,SDN,2021,2.3
Sudan,SDN,2022,2.3
Sudan,SDN,2023,2.3
Sudan,SDN,2024,2.3
Suriname,SUR,2013,14.5
Suriname,SUR,2014,14.5
Suriname,SUR,2015,14.5
Suriname,SUR,2016,14.5
Suriname,SUR,2017,14.5
Suriname,SUR,2018,14.5
Suriname,SUR,2019,14.5
Suriname,SUR,2020,14.5
Suriname,SUR,2021,14.5
Suriname,SUR,2022,14.5
Suriname,SUR,2023,14.5
Suriname,SUR,2024,14.8
Sweden,SWE,2013,14.6
Sweden,SWE,2014,14.8
Sweden,SWE,2015,14.9
Sweden,SWE,2016,14.5
Sweden,SWE,2017,14.9
Sweden,SWE,2018,14.9
Sweden,SWE,2019,14.4
Sweden,SWE,2020,14.5
Sweden,SWE,2021,14.5
Sweden,SWE,2022,15.4
Sweden,SWE,2023,15.4
Sweden,SWE,2024,15.5
Switzerland,CHE,2013,24.8
Switzerland,CHE,2014,9.7
Switzerland,CHE,2015,9.7
Switzerland,CHE,2016,9.7
Switzerland,CHE,2017,9.7
Switzerland,CHE,2018,9.7
Switzerland,CHE,2019,10
Switzerland,CHE,2020,12
Switzerland,CHE,2021,12.1
Switzerland,CHE,2022,12.1
Switzerland,CHE,2023,12.1
Switzerland,CHE,2024,12.5
Syria,SYR,2013,0.7
Syria,SYR,2014,0.7
Syria,SYR,2015,0.7
Syria,SYR,2016,0.7
Syria,SYR,2017,0.7
Syria,SYR,2018,0.7
Syria,SYR,2019,0.7
Syria,SYR,2020,0.7
Syria,SYR,2021,0.7
Syria,SYR,2022,0.7
Syria,SYR,2023,0.7
Syria,SYR,2024,0.7
Tajikistan,TJK,2013,19.7
Tajikistan,TJK,2014,22.3
Tajikistan,TJK,2015,22.3
Tajikistan,TJK,2016,22.3
Tajikistan,TJK,2017,22.3
Tajikistan,TJK,2018,22.3
Tajikistan,TJK,2019,22.3
Tajikistan,TJK,2020,22.3
Tajikistan,TJK,2021,22.3
Tajikistan,TJK,2022,22.3
Tajikistan,TJK,2023,22.3
Tajikistan,TJK,2024,22.6
Tanzania,TZA,2013,31.9
Tanzania,TZA,2014,31.9
Tanzania,TZA,2015,31.9
Tanzania,TZA,2016,38.1
Tanzania,TZA,2017,38.1
Tanzania,TZA,2018,38.2
Tanzania,TZA,2019,38.2
Tanzania,TZA,2020,38.2
Tanzania,TZA,2021,38.2
Tanzania,TZA,2022,38.4
Tanzania,TZA,2023,39.9
Tanzania,TZA,2024,40
Thailand,THA,2013,18.9
Thailand,THA,2014,18.8
Thailand,THA,2015,18.8
Thailand,THA,2016,18.8
Thailand,THA,2017,18.8
Thailand,THA,2018,18.8
Thailand,THA,2019,18.8
Thailand,THA,2020,18.5
Thailand,THA,2021,18.5
Thailand,THA,2022,18.5
Thailand,THA,2023,18.5
Thailand,THA,2024,18.4
Togo,TGO,2013,27.8
Togo,TGO,2014,27.6
Togo,TGO,2015,27.6
Togo,TGO,2016,27.6
Togo,TGO,2017,27.6
Togo,TGO,2018,27.6
Togo,TGO,2019,27.6
Togo,TGO,2020,28
Togo,TGO,2021,28
Togo,TGO,2022,28
Togo,TGO,2023,28
Togo,TGO,2024,28.1
Tonga,TON,2013,15.9
Tonga,TON,2014,15.9
Tonga,TON,2015,15.9
Tonga,TON,2016,15.9
Tonga,TON,2017,15.9
Tonga,TON,2018,15.9
Tonga,TON,2019,12.6
Tonga,TON,2020,12.6
Tonga,TON,2021,12.6
Tonga,TON,2022,12.6
Tonga,TON,2023,12.6
Tonga,TON,2024,13.3
Trinidad and Tobago,TTO,2013,32.1
Trinidad and Tobago,TTO,2014,32.1
Trinidad and Tobago,TTO,2015,30.6
Trinidad and Tobago,TTO,2016,30.6
Trinidad and Tobago,TTO,2017,30.6
Trinidad and Tobago,TTO,2018,30.6
Trinidad and Tobago,TTO,2019,30.6
Trinidad and Tobago,TTO,2020,30.6
Trinidad and Tobago,TTO,2021,30.6
Trinidad and Tobago,TTO,2022,30.6
Trinidad and Tobago,TTO,2023,30.6
Trinidad and Tobago,TTO,2024,30.6
Tunisia,TUN,2013,5.4
Tunisia,TUN,2014,5.4
Tunisia,TUN,2015,5.4
Tunisia,TUN,2016,7.9
Tunisia,TUN,2017,7.9
Tunisia,TUN,2018,7.9
Tunisia,TUN,2019,7.9
Tunisia,TUN,2020,7.9
Tunisia,TUN,2021,7.9
Tunisia,TUN,2022,7.9
Tunisia,TUN,2023,7.9
Tunisia,TUN,2024,7.9
Turkey,TUR,2013,2.5
Turkey,TUR,2014,0.2
Turkey,TUR,2015,0.2
Turkey,TUR,2016,0.2
Turkey,TUR,2017,0.2
Turkey,TUR,2018,0.2
Turkey,TUR,2019,0.2
Turkey,TUR,2020,0.2
Turkey,TUR,2021,7
Turkey,TUR,2022,7
Turkey,TUR,2023,7
Turkey,TUR,2024,7
Turkmenistan,TKM,2013,3.3
Turkmenistan,TKM,2014,3.2
Turkmenistan,TKM,2015,3.2
Turkmenistan,TKM,2016,3.2
Turkmenistan,TKM,2017,3.2
Turkmenistan,TKM,2018,3.2
Turkmenistan,TKM,2019,3.2
Turkmenistan,TKM,2020,3.2
Turkmenistan,TKM,2021,3.2
Turkmenistan,TKM,2022,3.2
Turkmenistan,TKM,2023,3.2
Turkmenistan,TKM,2024,4.3
Turks and Caicos Islands,TCA,2013,44.4
Turks and Caicos Islands,TCA,2014,44.4
Turks and Caicos Islands,TCA,2015,44.4
Turks and Caicos Islands,TCA,2016,44.4
Turks and Caicos Islands,TCA,2017,44.4
Turks and Caicos Islands,TCA,2018,44.4
Turks and Caicos Islands,TCA,2019,44.4
Turks and Caicos Islands,TCA,2020,44.4
Turks and Caicos Islands,TCA,2021,44.4
Turks and Caicos Islands,TCA,2022,44.4
Turks and Caicos Islands,TCA,2023,44.4
Turks and Caicos Islands,TCA,2024,43.5
Tuvalu,TUV,2013,2
Tuvalu,TUV,2014,2
Tuvalu,TUV,2015,2
Tuvalu,TUV,2016,2
Tuvalu,TUV,2017,2
Tuvalu,TUV,2018,2
Tuvalu,TUV,2019,13.2
Tuvalu,TUV,2020,13.2
Tuvalu,TUV,2021,13.2
Tuvalu,TUV,2022,13.2
Tuvalu,TUV,2023,13.2
Tuvalu,TUV,2024,20.2
Uganda,UGA,2013,16.1
Uganda,UGA,2014,16.1
Uganda,UGA,2015,16.1
Uganda,UGA,2016,16.1
Uganda,UGA,2017,16.1
Uganda,UGA,2018,16.1
Uganda,UGA,2019,16.1
Uganda,UGA,2020,16.1
Uganda,UGA,2021,16.1
Uganda,UGA,2022,16.1
Uganda,UGA,2023,16.1
Uganda,UGA,2024,16.1
Ukraine,UKR,2013,4
Ukraine,UKR,2014,4
Ukraine,UKR,2015,4
Ukraine,UKR,2016,4
Ukraine,UKR,2017,4
Ukraine,UKR,2018,4
Ukraine,UKR,2019,4
Ukraine,UKR,2020,4.3
Ukraine,UKR,2021,13
Ukraine,UKR,2022,13
Ukraine,UKR,2023,13
Ukraine,UKR,2024,16.8
United Arab Emirates,ARE,2013,18.6
United Arab Emirates,ARE,2014,18.6
United Arab Emirates,ARE,2015,18.6
United Arab Emirates,ARE,2016,13.1
United Arab Emirates,ARE,2017,17.3
United Arab Emirates,ARE,2018,18
United Arab Emirates,ARE,2019,18
United Arab Emirates,ARE,2020,19.4
United Arab Emirates,ARE,2021,19.4
United Arab Emirates,ARE,2022,19.4
United Arab Emirates,ARE,2023,19.4
United Arab Emirates,ARE,2024,19.2
United Kingdom,GBR,2013,28
United Kingdom,GBR,2014,28.8
United Kingdom,GBR,2015,28.7
United Kingdom,GBR,2016,28.2
United Kingdom,GBR,2017,28.7
United Kingdom,GBR,2018,28.7
United Kingdom,GBR,2019,28.7
United Kingdom,GBR,2020,28.7
United Kingdom,GBR,2021,27.8
United Kingdom,GBR,2022,27.8
United Kingdom,GBR,2023,27.8
United Kingdom,GBR,2024,28.4
United States,USA,2013,13.6
United States,USA,2014,13.1
United States,USA,2015,13.1
United States,USA,2016,13
United States,USA,2017,13.5
United States,USA,2018,13
United States,USA,2019,13
United States,USA,2020,11.8
United States,USA,2021,13
United States,USA,2022,13
United States,USA,2023,12.9
United States,USA,2024,12.9
United States Virgin Islands,VIR,2013,14.9
United States Virgin Islands,VIR,2014,14.6
United States Virgin Islands,VIR,2015,14.6
United States Virgin Islands,VIR,2016,13.8
United States Virgin Islands,VIR,2017,13.8
United States Virgin Islands,VIR,2018,13.8
United States Virgin Islands,VIR,2019,13.8
United States Virgin Islands,VIR,2020,13.3
United States Virgin Islands,VIR,2021,14.4
United States Virgin Islands,VIR,2022,14.4
United States Virgin Islands,VIR,2023,14.4
United States Virgin Islands,VIR,2024,13.3
Upper-middle-income countries,OWID_UMC,2013,15.075805
Upper-middle-income countries,OWID_UMC,2014,15.67217
Upper-middle-income countries,OWID_UMC,2015,15.473315
Upper-middle-income countries,OWID_UMC,2016,15.465284
Upper-middle-income countries,OWID_UMC,2017,15.490572
Upper-middle-income countries,OWID_UMC,2018,15.156514
Upper-middle-income countries,OWID_UMC,2019,15.351466
Upper-middle-income countries,OWID_UMC,2020,15.71405
Upper-middle-income countries,OWID_UMC,2021,16.01107
Upper-middle-income countries,OWID_UMC,2022,16.046185
Upper-middle-income countries,OWID_UMC,2023,16.105072
Upper-middle-income countries,OWID_UMC,2024,16.297956
Uruguay,URY,2013,2.7
Uruguay,URY,2014,2.7
Uruguay,URY,2015,2.7
Uruguay,URY,2016,3.4
Uruguay,URY,2017,3.4
Uruguay,URY,2018,3.4
Uruguay,URY,2019,3.6
Uruguay,URY,2020,3.7
Uruguay,URY,2021,3.7
Uruguay,URY,2022,3.7
Uruguay,URY,2023,3.7
Uruguay,URY,2024,3.1
Uzbekistan,UZB,2013,3.4
Uzbekistan,UZB,2014,3.4
Uzbekistan,UZB,2015,3.4
Uzbekistan,UZB,2016,3.4
Uzbekistan,UZB,2017,3.4
Uzbekistan,UZB,2018,3.4
Uzbekistan,UZB,2019,3.4
Uzbekistan,UZB,2020,5.8
Uzbekistan,UZB,2021,5.8
Uzbekistan,UZB,2022,5.8
Uzbekistan,UZB,2023,9.5
Uzbekistan,UZB,2024,9.5
Vanuatu,VUT,2013,4.2
Vanuatu,VUT,2014,4.2
Vanuatu,VUT,2015,4.2
Vanuatu,VUT,2016,4.2
Vanuatu,VUT,2017,4.2
Vanuatu,VUT,2018,4.2
Vanuatu,VUT,2019,4.2
Vanuatu,VUT,2020,4.2
Vanuatu,VUT,2021,4.2
Vanuatu,VUT,2022,4.2
Vanuatu,VUT,2023,4.2
Vanuatu,VUT,2024,4.2
Venezuela,VEN,2013,54.1
Venezuela,VEN,2014,54.1
Venezuela,VEN,2015,54.1
Venezuela,VEN,2016,54.1
Venezuela,VEN,2017,54.1
Venezuela,VEN,2018,54.1
Venezuela,VEN,2019,54.1
Venezuela,VEN,2020,56.9
Venezuela,VEN,2021,56.9
Venezuela,VEN,2022,56.9
Venezuela,VEN,2023,56.9
Venezuela,VEN,2024,56.8
Vietnam,VNM,2013,6.5
Vietnam,VNM,2014,6.5
Vietnam,VNM,2015,7.6
Vietnam,VNM,2016,7.6
Vietnam,VNM,2017,7.6
Vietnam,VNM,2018,7.6
Vietnam,VNM,2019,7.6
Vietnam,VNM,2020,7.6
Vietnam,VNM,2021,7.6
Vietnam,VNM,2022,7.6
Vietnam,VNM,2023,7.6
Vietnam,VNM,2024,7.6
World,OWID_WRL,2013,14.950604
World,OWID_WRL,2014,15.213241
World,OWID_WRL,2015,15.003519
World,OWID_WRL,2016,14.90412
World,OWID_WRL,2017,15.128859
World,OWID_WRL,2018,14.966993
World,OWID_WRL,2019,15.111764
World,OWID_WRL,2020,15.376922
World,OWID_WRL,2021,15.794312
World,OWID_WRL,2022,15.867326
World,OWID_WRL,2023,16.078083
World,OWID_WRL,2024,16.444256
Yemen,YEM,2013,0.8
Yemen,YEM,2014,0.8
Yemen,YEM,2015,0.8
Yemen,YEM,2016,0.8
Yemen,YEM,2017,0.8
Yemen,YEM,2018,0.8
Yemen,YEM,2019,0.8
Yemen,YEM,2020,0.8
Yemen,YEM,2021,0.8
Yemen,YEM,2022,0.8
Yemen,YEM,2023,0.8
Yemen,YEM,2024,1.1
Zambia,ZMB,2013,38
Zambia,ZMB,2014,38
Zambia,ZMB,2015,38
Zambia,ZMB,2016,38
Zambia,ZMB,2017,37.9
Zambia,ZMB,2018,37.9
Zambia,ZMB,2019,41.3
Zambia,ZMB,2020,41.3
Zambia,ZMB,2021,41.3
Zambia,ZMB,2022,41.3
Zambia,ZMB,2023,41.3
Zambia,ZMB,2024,41.3
Zimbabwe,ZWE,2013,28.1
Zimbabwe,ZWE,2014,26.7
Zimbabwe,ZWE,2015,26.7
Zimbabwe,ZWE,2016,27.2
Zimbabwe,ZWE,2017,27.2
Zimbabwe,ZWE,2018,27.2
Zimbabwe,ZWE,2019,27.2
Zimbabwe,ZWE,2020,27.2
Zimbabwe,ZWE,2021,27.2
Zimbabwe,ZWE,2022,27.2
Zimbabwe,ZWE,2023,28.3
Zimbabwe,ZWE,2024,28.3